time,patch,id,field,before,after,why
2026-10-04 02:08,300-review.json,neck-0009,explanation,Treatment involves surgical removal followed by chemotherapy.,(rewritten),editorial review (3rd edition)
2026-10-04 02:08,300-review.json,neck-0012,options,"[""Parotid gland tumor"", ""Stroke"", ""Facial nerve palsy due to inflammation of the submandibular gland causing facial nerve compression"", ""Bell’s palsy"", ""Temporomandibular joint disorder""]","[""Parotid gland tumor"", ""Stroke"", ""Injury to the marginal mandibular branch of the facial nerve during submandibular gland excision"", ""Bell’s palsy"", ""Temporomandibular joint disorder""]",editorial review (3rd edition)
2026-10-04 02:08,300-review.json,neck-0012,explanation,Facial nerve compression secondary to gland inflammation explains the facial asymmetry.,(rewritten),editorial review (3rd edition)
2026-10-04 02:08,300-review.json,neck-0030,stem,Regarding to papillary and follicular cancer Which of the following statements are true?,"Regarding papillary and follicular cancer, which of the following statements are true?",editorial review (3rd edition)
2026-10-04 02:08,300-review.json,neck-0033,stem,Regarding to primary hyperparathyroidism Which of the following statements are true?,"Regarding primary hyperparathyroidism, which of the following statements are true?",editorial review (3rd edition)
2026-10-04 02:08,300-review.json,neck-0035,explanation,All listed conditions are associated with hypercalcaemia.,(rewritten),editorial review (3rd edition)
2026-10-04 02:08,300-review.json,neck-0038,chapter,neck,endo,editorial review (3rd edition)
2026-10-04 02:08,300-review.json,neck-0043,chapter,neck,endo,editorial review (3rd edition)
2026-10-04 02:08,300-review.json,neck-0044,chapter,neck,endo,editorial review (3rd edition)
2026-10-04 02:08,300-review.json,neck-0045,chapter,neck,endo,editorial review (3rd edition)
2026-10-04 02:08,300-review.json,neck-0046,chapter,neck,endo,editorial review (3rd edition)
2026-10-04 02:08,300-review.json,neck-0047,chapter,neck,adrenal,editorial review (3rd edition)
2026-10-04 02:08,300-review.json,neck-0048,chapter,neck,adrenal,editorial review (3rd edition)
2026-10-04 02:08,300-review.json,neck-0055,stem,"A 22-year-old man presents to the physician›s office with the complaint of a new nodule in the neck noted 1 month ago. He is the oldest of five children ranging in age from 8 to 22. His family history is pertinent for thyroid carcinoma, hypertension in his paternal grandparents, and an unknown type of tumor in the abdomen of his father, now deceased. On examination, he has a normal appearance a...","A 22-year-old man has a 2-cm thyroid nodule. His family history includes thyroid carcinoma and an unknown abdominal tumour in his father, now deceased; his BP is 145/90 mmHg. Fine-needle aspiration shows medullary thyroid carcinoma. Screening for which of the following must be undertaken before treatment of the thyroid carcinoma?",editorial review (3rd edition)
2026-10-04 02:08,300-review.json,neck-0055,explanation,Pheochromocytoma screening is essential in MEN II.,(rewritten),editorial review (3rd edition)
2026-10-04 02:08,300-review.json,neck-0085,chapter,neck,endo,editorial review (3rd edition)
2026-10-04 02:08,300-review.json,neck-0087,explanation,Age is a very important prognostic indicator in well-differentiated thyroid cancer (papillary and follicular). Age >45 years is associated with a worse prognosis.,(rewritten),editorial review (3rd edition)
2026-10-04 02:08,300-review.json,neck-0095,chapter,neck,adrenal,editorial review (3rd edition)
2026-10-04 02:08,300-review.json,endo-0003,explanation,"Due to severe eye signs, subtotal thyroidectomy is the most appropriate long-term treatment option.",(rewritten),editorial review (3rd edition)
2026-10-04 02:08,300-review.json,endo-0009,options,"[""Aldosterone suppression test"", ""Clonidine suppression test"", ""Long synacthen test"", ""Short synacthen test"", ""E 24h urine for vanillylmandelic acid and noradrenaline""]","[""Aldosterone suppression test"", ""Clonidine suppression test"", ""Long synacthen test"", ""Short synacthen test"", ""24-h urine vanillylmandelic acid and noradrenaline""]",editorial review (3rd edition)
2026-10-04 02:08,300-review.json,endo-0009,explanation,24h urine for vanillylmandelic acid and noradrenaline 24h urine collection for VMA and noradrenaline is the most accurate for phaeochromocytoma diagnosis.,(rewritten),editorial review (3rd edition)
2026-10-04 02:08,300-review.json,neckemq-0007#4,stem,"A 22-year-old anxious woman presents to her general practitioner with a month’s history of worsening diarrhoea. On further questioning, she admits losing 10 pounds over the last few weeks despite having a good appetite. On examination, you notice a slight tremor, her pulse is 110/min and irregular, and a bruit is heard over the thyroid, though there is no obvious deformity or palpable nodes. al...","A 22-year-old anxious woman has a month’s history of worsening diarrhoea and has lost 10 pounds despite a good appetite. She has a slight tremor, an irregular pulse of 110/min and a bruit over the thyroid, with no obvious deformity or palpable nodes.",editorial review (3rd edition)
2026-10-04 02:08,300-review.json,bbreast-0001,explanation,Ultrasound features indicate benign pathology.,(rewritten),editorial review (3rd edition)
2026-10-04 02:08,300-review.json,bbreast-0005,options,"[""(A) invasive carcinoma"", ""(B) intraductal carcinoma"", ""(C) intraductal papilloma"", ""(D) fibrocystic disease"", ""(E) duct ectasia""]","[""invasive carcinoma"", ""intraductal carcinoma"", ""intraductal papilloma"", ""fibrocystic disease"", ""duct ectasia""]",editorial review (3rd edition)
2026-10-04 02:08,300-review.json,bbreast-0005,explanation,intraductal papilloma Solitary papilloma is the most common cause of pathologic nipple discharge in one duct.,(rewritten),editorial review (3rd edition)
2026-10-04 02:08,300-review.json,bbreast-0006,options,"[""(A) collection of discharge for repeat cytologic analysis"", ""(B) observation, with repeat examination and imaging in 3–6 months"", ""(C) modified radical mastectomy"", ""(D) central lumpectomy (including removal of the nipple/areolar complex)"", ""(E) terminal duct excision (microdochectomy)""]","[""collection of discharge for repeat cytologic analysis"", ""observation, with repeat examination and imaging in 3–6 months"", ""modified radical mastectomy"", ""central lumpectomy (including removal of the nipple/areolar complex)"", ""terminal duct excision (microdochectomy)""]",editorial review (3rd edition)
2026-10-04 02:08,300-review.json,bbreast-0006,explanation,terminal duct excision (microdochectomy) Definitive diagnosis and treatment by excision of the involved duct.,(rewritten),editorial review (3rd edition)
2026-10-04 02:08,300-review.json,bbreast-0009,images,"[""pic/EMBEDDED""]",[],editorial review (3rd edition)
2026-10-04 02:08,300-review.json,bbreast-0013,DELETED,,,duplicate of bbreast-0001 (breast.tsv:2)
2026-10-04 02:08,300-review.json,bbreast-0020,answer,C,D,editorial review (3rd edition)
2026-10-04 02:08,300-review.json,bbreast-0020,explanation,Benign breast cysts are managed with annual follow-up after benign imaging findings.,(rewritten),editorial review (3rd edition)
2026-10-04 02:08,300-review.json,bbreast-0022,answer,A,C,editorial review (3rd edition)
2026-10-04 02:08,300-review.json,bbreast-0022,explanation,"Due to family history of breast cancer, excision of the fibroadenoma is appropriate.",(rewritten),editorial review (3rd edition)
2026-10-04 02:08,300-review.json,bca-0002,stem,Which one of the following statements is false? (Carcinoma of the Breast),Which of the following statements are false? (Carcinoma of the breast),editorial review (3rd edition)
2026-10-04 02:08,300-review.json,bca-0003,stem,Which one of the following statements is true? (Carcinoma of the Breast),Which of the following statements are true? (Carcinoma of the breast),editorial review (3rd edition)
2026-10-04 02:08,300-review.json,bca-0004,answer,ACD,AC,editorial review (3rd edition)
2026-10-04 02:08,300-review.json,bca-0004,explanation,"In reality, post-menopausal women may receive adjuvant chemotherapy, anthracycline/taxane regimens are superior and neoadjuvant chemo does improve conservation rates.",(rewritten),editorial review (3rd edition)
2026-10-04 02:08,300-review.json,bca-0011,stem,A 35-year-old woman with a strong family history of breast cancer (including a sister with a deleterious BRCA1 mutation) is found to carry the same mutation. Which of the following ranges represents the lifetime risk for breast cancer that should be quoted for this patient? (A) 0-30% (B) 10-40% (C) 20-50% (D) 50-80% (E) 70-100%,A 35-year-old woman with a strong family history of breast cancer (including a sister with a deleterious BRCA1 mutation) is found to carry the same mutation. Which range represents the lifetime risk of breast cancer that should be quoted to her?,editorial review (3rd edition)
2026-10-04 02:08,300-review.json,bca-0011,options,[],"[""0–30%"", ""10–40%"", ""20–50%"", ""50–80%"", ""70–100%""]",editorial review (3rd edition)
2026-10-04 02:08,300-review.json,bca-0011,answer,,D,editorial review (3rd edition)
2026-10-04 02:08,300-review.json,bca-0011,explanation,D. 50–80%,(rewritten),editorial review (3rd edition)
2026-10-04 02:08,300-review.json,bca-0012,stem,"For the same patient with a BRCA1 mutation, which of the following management strategies is an accepted option for her high-risk status? (A) yearly self-breast examinations (B) semiannual nammography (C) bilateral breast irradiatio (D) prophylactic unilateral mastectomy (E) chemoprevention with tamoxifen","For the same patient with a BRCA1 mutation, which of the following management strategies is an accepted option for her high-risk status?",editorial review (3rd edition)
2026-10-04 02:08,300-review.json,bca-0012,options,[],"[""Yearly self-breast examination"", ""Six-monthly mammography"", ""Bilateral breast irradiation"", ""Prophylactic unilateral mastectomy"", ""Chemoprevention with tamoxifen""]",editorial review (3rd edition)
2026-10-04 02:08,300-review.json,bca-0012,answer,,E,editorial review (3rd edition)
2026-10-04 02:08,300-review.json,bca-0012,explanation,E. chemoprevention with tamoxifen,(rewritten),editorial review (3rd edition)
2026-10-04 02:08,300-review.json,bca-0024,stem,A 47-year-old woman is diagnosed with an unofficial 2.5 cm Grade 3 invasive ductal carcinoma of the right breast. Following MDT discussion the consultant sees the patient in clinic to convey management options. Which of the following would be the most appropriate management plan for this patient?,"A 47-year-old woman is diagnosed with a unifocal 2.5-cm grade 3 invasive ductal carcinoma of the right breast with a clinically and sonographically normal axilla. Following MDT discussion, which of the following is the most appropriate management plan?",editorial review (3rd edition)
2026-10-04 02:08,300-review.json,bca-0024,explanation,Wide local excision with sentinel node biopsy is appropriate for a small invasive breast cancer.,(rewritten),editorial review (3rd edition)
2026-10-04 02:08,300-review.json,bca-0035,explanation,"Currently, treatment of inflammatory breast cancer consists of multimodality therapy with neoadjuvant chemotherapy, surgery (modified radical mastectomy), and radiation, which results in a 50% 5-year survival rate.",(rewritten),editorial review (3rd edition)
2026-10-04 02:08,300-review.json,bca-0052,explanation,"The recommended chemotherapy for breast cancer includes AC followed by T or the TCHP regimen, which are standard combinations used especially for HER2-positive disease.",(rewritten),editorial review (3rd edition)
2026-10-04 02:08,300-review.json,bca-0055,explanation,Currently every 3 years from 50 to 70 (extension pilot 47–73).,(rewritten),editorial review (3rd edition)
2026-10-04 02:08,300-review.json,bca-0057,explanation,"% Likely stage 2 (T2N0), 5-year survival ~70%.",(rewritten),editorial review (3rd edition)
2026-10-04 02:08,300-review.json,breastemq-0004#4,answer,,I,editorial review (3rd edition)
2026-10-04 02:08,300-review.json,breastemq-0005#5,answer,K,A,editorial review (3rd edition)
2026-10-04 02:08,300-review.json,breastemq-0007#1,stem,A 34-year-old woman presents with lumpiness and tenderness in both breasts worsening premenstrually; ultrasound shows multiple small cysts and biopsy shows fibrosis and epithelial hyperplasia.,"A 34-year-old woman has lumpiness and tenderness in both breasts that is worse in the days before menstruation. An ultrasound scan shows multiple small cysts bilaterally, and a tissue sample shows fibrosis and epithelial hyperplasia.",editorial review (3rd edition)
2026-10-04 02:08,300-review.json,breastemq-0007#2,stem,"A 28-year-old woman presents with a sudden, painless 1 cm soft lump in her right breast.","A 28-year-old woman has a 1 cm soft, painless lump in her right breast that appeared suddenly last week; there is no other abnormality on examination.",editorial review (3rd edition)
2026-10-04 02:08,300-review.json,breastemq-0007#3,stem,A 42-year-old woman with a hard 2 cm UOQ breast lump and axillary nodes; mammogram inconclusive due to augmentation.,"A 42-year-old woman has a hard 2 cm lump in the upper outer quadrant of the left breast with axillary lymphadenopathy. She has had bilateral cosmetic breast augmentation, and the mammogram is too hazy to delineate any lesion.",editorial review (3rd edition)
2026-10-04 02:08,300-review.json,breastemq-0007#4,stem,A 52-year-old woman with a 4 cm left breast lump; FNAC reveals dysplastic cells.,A 52-year-old woman has a 4 cm lump in her left breast. Fine-needle aspiration cytology reports dysplastic cells.,editorial review (3rd edition)
2026-10-04 02:08,300-review.json,breastemq-0007#5,stem,A 45-year-old woman with a longstanding breast cyst; aspiration yields blood-stained fluid.,"A 45-year-old woman has a long-standing lump in her right breast. Ultrasound shows a cyst, which is aspirated under ultrasound guidance; the aspirate is blood-stained.",editorial review (3rd edition)
2026-10-04 02:08,300-review.json,breastemq-0010,options,"[""!-fetoprotein"", ""“-hCG"", ""CA 125"", ""CA 15-3"", ""CA 19-9"", ""Calcitonin"", ""Carcinoembryonic antigen"", ""Paraproteins"", ""Prostate-speci#c antigen"", ""S-100""]","[""α-fetoprotein"", ""β-hCG"", ""CA 125"", ""CA 15-3"", ""CA 19-9"", ""Calcitonin"", ""Carcinoembryonic antigen"", ""Paraproteins"", ""Prostate-specific antigen"", ""S-100""]",editorial review (3rd edition)
2026-10-04 02:08,300-review.json,breastemq-0011,DELETED,,,duplicate of breastemq-0007 within the same book
2026-10-04 02:08,300-review.json,breastemq-0015#2,answer,,I,editorial review (3rd edition)
2026-10-04 02:08,300-review.json,breastemq-0015#3,answer,,D,editorial review (3rd edition)
2026-10-04 02:08,300-review.json,breastemq-0015#4,answer,,C,editorial review (3rd edition)
2026-10-04 02:08,300-review.json,breastemq-0015#5,answer,,B,editorial review (3rd edition)
2026-10-04 02:08,300-review.json,oeso-0003,answer,A,B,editorial review (3rd edition)
2026-10-04 02:08,300-review.json,oeso-0003,explanation,"and E is correct 18, The development of respiratory distress, chest pain, and fever with contrast extravasation into the left chest cavity post‐esophagoscopy indicates esophageal perforation; both surgical repair with cervical diversion (option A) and chest tube drainage with antibiotics (option E) are appropriate interventions.",(rewritten),editorial review (3rd edition)
2026-10-04 02:08,300-review.json,oeso-0004,explanation,The gastro‐oesophageal junction is about 40 cm from the incisors; the oesophagus is lined by non‐keratinized stratified squamous epithelium and its diaphragmatic opening lies at T10. Note that its true length is around 25 cm and it has three natural constrictions.,(rewritten),editorial review (3rd edition)
2026-10-04 02:08,300-review.json,oeso-0008,explanation,"24-hour pH monitoring is the gold standard; staging laparoscopy, manometry and emerging Raman spectroscopy all have their roles.",(rewritten),editorial review (3rd edition)
2026-10-04 02:08,300-review.json,oeso-0010,stem,"For the Zenker’s diverticulum described above, what is the most important aspect of treatment?",A patient has a symptomatic pharyngeal pouch (Zenker diverticulum). What is the most important aspect of treatment?,editorial review (3rd edition)
2026-10-04 02:08,300-review.json,oeso-0010,options,"[""(A) resection of the diverticulum"", ""(B) cricopharyngeal muscle myotomy"", ""(C) H2 blockers"", ""(D) elevation of the head of the bed"", ""(E) diverticulopexy""]","[""resection of the diverticulum"", ""cricopharyngeal muscle myotomy"", ""H2 blockers"", ""elevation of the head of the bed"", ""diverticulopexy""]",editorial review (3rd edition)
2026-10-04 02:08,300-review.json,oeso-0010,explanation,cricopharyngeal muscle myotomy Myotomy is key to relieve the underlying neuromotor dysfunction.,(rewritten),editorial review (3rd edition)
2026-10-04 02:08,300-review.json,oeso-0012,options,"[""double dose proton-pump inhibitor and repeat endoscopy in 3 months"", ""proton-pump inhibitor and H₂ blocker, followed by repeat endoscopy in 3 months"", ""antibiotic treatment for Helicobacter pylori with proton-pump inhibitor"", ""Nissen fundoplication"", ""esophagectomy""]","[""double dose proton-pump inhibitor and repeat endoscopy in 3 months"", ""proton-pump inhibitor and H₂ blocker, followed by repeat endoscopy in 3 months"", ""antibiotic treatment for Helicobacter pylori with proton-pump inhibitor"", ""Nissen fundoplication"", ""Endoscopic resection and ablation (oesophagectomy if endoscopic therapy is not possible)""]",editorial review (3rd edition)
2026-10-04 02:08,300-review.json,oeso-0012,explanation,Esophagectomy is indicated for high-grade dysplasia in Barrett’s esophagus.,(rewritten),editorial review (3rd edition)
2026-10-04 02:08,300-review.json,oeso-0013,explanation,"After excluding unsuitable vessels, option A correctly lists the main suppliers to the oesophagus.",(rewritten),editorial review (3rd edition)
2026-10-04 02:08,300-review.json,oeso-0020,explanation,High-dose PPI therapy with surveillance is recommended for Barrett’s oesophagus with low grade dysplasia.,(rewritten),editorial review (3rd edition)
2026-10-04 02:08,300-review.json,oeso-0026,explanation,"This man most likely has gastro-oesophageal reflux disease. The differential diagnosis includes oesophageal or gastric malignancy, functional disease, and peptic ulcer disease and the first investigation should be direct visualization of the oesophagus and stomach. A barium swallow would exclude tumours or stricturing but would not assess the mucosal integrity so well or allow biopsies to be ta...",(rewritten),editorial review (3rd edition)
2026-10-04 02:08,300-review.json,stom-0002,answer,B,C,editorial review (3rd edition)
2026-10-04 02:08,300-review.json,stom-0002,explanation,"Empirical eradication therapy is justified since H. pylori is a common cause of upper abdominal discomfort, though more data would be ideal.",(rewritten),editorial review (3rd edition)
2026-10-04 02:08,300-review.json,stom-0004,stem,"During the investigation in question 84, high-grade lymphoid tissue is found. Besides chemo-radiation, what is the appropriate medical treatment?","OGD biopsy in the same patient shows high-grade lymphoid tissue suggestive of gastric MALT lymphoma. Besides chemoradiation, what is the appropriate medical treatment?",editorial review (3rd edition)
2026-10-04 02:08,300-review.json,stom-0004,explanation,"H. pylori eradication is appropriate when high-grade lymphoid tissue is found, suggesting MALToma.",(rewritten),editorial review (3rd edition)
2026-10-04 02:08,300-review.json,stom-0008,answer,B,D,editorial review (3rd edition)
2026-10-04 02:08,300-review.json,stom-0008,explanation,The clinical presentation supports an H. pylori-related peptic ulcer.,(rewritten),editorial review (3rd edition)
2026-10-04 02:08,300-review.json,stom-0010,explanation,"Urea breath test followed by H. pylori eradication if positive is appropriate as H. pylori infection is a major risk factor for peptic ulcer recurrence, especially when NSAIDs are used.",(rewritten),editorial review (3rd edition)
2026-10-04 02:08,300-review.json,stom-0018,answer,ABE,AE,editorial review (3rd edition)
2026-10-04 02:08,300-review.json,stom-0018,explanation,"Parietal cells use a H⁺/K⁺ ATPase to secrete acid while somatostatin acts as an inhibitor; note that histamine works on parietal cells, the vagus mediates the cephalic phase, and secretin is inhibitory.",(rewritten),editorial review (3rd edition)
2026-10-04 02:08,300-review.json,stom-0023,explanation,"y presents with hypochlorhydria, not hyperchlorhydria; it is marked by giant gastric folds and may lead to protein loss.",(rewritten),editorial review (3rd edition)
2026-10-04 02:08,300-review.json,stom-0025,options,"[""(A) small-bowel obstruction"", ""(B) dead bowel"", ""(C) perforated colon carcinoma"", ""(D) perforated duodenal ulcer"", ""(E) perforated gastric ulcer""]","[""small-bowel obstruction"", ""dead bowel"", ""perforated colon carcinoma"", ""perforated duodenal ulcer"", ""perforated gastric ulcer""]",editorial review (3rd edition)
2026-10-04 02:08,300-review.json,stom-0025,explanation,perforated duodenal ulcer The sudden onset and radiographic pneumoperitoneum in a patient with a history of peptic pain point to a perforated duodenal ulcer.,(rewritten),editorial review (3rd edition)
2026-10-04 02:08,300-review.json,stom-0026,options,"[""(A) UGI barium x-rays"", ""(B) fiberoptic upper endoscopy"", ""(C) CT scan"", ""(D) endoscopic ultrasound"", ""(E) MRI""]","[""UGI barium x-rays"", ""fiberoptic upper endoscopy"", ""CT scan"", ""endoscopic ultrasound"", ""MRI""]",editorial review (3rd edition)
2026-10-04 02:08,300-review.json,stom-0026,explanation,fiberoptic upper endoscopy Endoscopy is the most reliable diagnostic tool for gastric ulcers.,(rewritten),editorial review (3rd edition)
2026-10-04 02:08,300-review.json,stom-0027,options,"[""(A) a second trial of proton-pump inhibitors with triple antibiotics and re-evaluation in 2 months"", ""(B) a trial of H2 blockers with triple antibiotics and re-evaluation in 2 months"", ""(C) a trial of sucralfate and re-evaluation in 2 months"", ""(D) surgical management"", ""(E) a trial of prostaglandins and re-evaluation in 2 months""]","[""a second trial of proton-pump inhibitors with triple antibiotics and re-evaluation in 2 months"", ""a trial of H2 blockers with triple antibiotics and re-evaluation in 2 months"", ""a trial of sucralfate and re-evaluation in 2 months"", ""surgical management"", ""a trial of prostaglandins and re-evaluation in 2 months""]",editorial review (3rd edition)
2026-10-04 02:08,300-review.json,stom-0027,explanation,surgical management Persistent ulceration despite adequate medical therapy is an indication for surgical intervention.,(rewritten),editorial review (3rd edition)
2026-10-04 02:08,300-review.json,stom-0040,chapter,stom,paed,editorial review (3rd edition)
2026-10-04 02:08,300-review.json,intest-0001,chapter,intest,paed,editorial review (3rd edition)
2026-10-04 02:08,300-review.json,intest-0002,options,"[""Barium enema"", ""Surgical resection"", ""Surgical reduction"", ""Observation"", ""Antibiotics alone""]","[""Radiological (air or contrast) enema reduction"", ""Surgical resection"", ""Surgical reduction"", ""Observation"", ""Antibiotics alone""]",editorial review (3rd edition)
2026-10-04 02:08,300-review.json,intest-0002,explanation,Barium enema is both diagnostic and therapeutic in cases of uncomplicated intussusception.,(rewritten),editorial review (3rd edition)
2026-10-04 02:08,300-review.json,intest-0002,chapter,intest,paed,editorial review (3rd edition)
2026-10-04 02:08,300-review.json,intest-0003,explanation,,(rewritten),editorial review (3rd edition)
2026-10-04 02:08,300-review.json,intest-0006,stem,"37 year old diabetic housewife presents with severe loose bowel motions over the past 24 hours along with vague left sided abdominal pain & tenesmus. The last motion contained blood. Examination revealed mild lower abdominal tenderness. Vitals: PR-103, BP=121/82, RR=17 & Temp=37.3C. Lab: CBC: Hb=12 gm/dL, WBC=12,000 & platelets=160,000. HbA1c=7.8, US is near inconclusive with multiple small gal...","A 37-year-old diabetic woman has had severe loose motions for 24 hours with vague left-sided abdominal pain and tenesmus; the last motion contained blood. There is mild lower abdominal tenderness; pulse 103/min, BP 121/82 mmHg, temperature 37.3 °C; WBC 12 000/mm³, HbA1c 7.8%. Ultrasound shows small asymptomatic gallstones. What is the most likely diagnosis and the first investigation?",editorial review (3rd edition)
2026-10-04 02:08,300-review.json,intest-0023,explanation,Sigmoidectomy with primary anastomosis is the appropriate management.,(rewritten),editorial review (3rd edition)
2026-10-04 02:08,300-review.json,intest-0042,explanation,"Right sub-hepatic abscess Postoperative localized infection from duodenal perforation repair can lead to an abscess in the right sub-hepatic space; irritation of the diaphragm causes referred pain to the right shoulder and hiccups, while fever and RUQ tenderness with skin edema support this diagnosis.",(rewritten),editorial review (3rd edition)
2026-10-04 02:08,300-review.json,intest-0043,explanation,"The presentation of recurrent abdominal pain, intestinal hamartomatous polyps, and mucocutaneous pigmented spots on the lips is classic for **Peutz-Jeghers syndrome**, which is not listed among the answer choices.",(rewritten),editorial review (3rd edition)
2026-10-04 02:08,300-review.json,intest-0044,explanation,"10, A recent typhoid fever patient with sudden severe abdominal pain, rigidity, and free gas under the diaphragm is highly indicative of an ileal perforation—a recognized complication requiring urgent surgical management.",(rewritten),editorial review (3rd edition)
2026-10-04 02:08,300-review.json,intest-0045,explanation,"11, An elderly woman with left iliac fossa pain and passage of dark‐red rectal blood against a background of constipation is most consistent with diverticular disease, given its common presentation in this demographic.",(rewritten),editorial review (3rd edition)
2026-10-04 02:08,300-review.json,intest-0046,explanation,"12, In children, basal pneumonia can mimic acute appendicitis since diaphragmatic irritation may refer pain to the right iliac fossa, making it an important differential diagnosis to consider.",(rewritten),editorial review (3rd edition)
2026-10-04 02:08,300-review.json,intest-0047,explanation,"13, For a UC patient showing systemic toxicity, colonic dilation on X‐ray, and frequent diarrhoea, the scenario is suggestive of a toxic megacolon flare, where immediate treatment with IV hydrocortisone following resuscitation is critical.",(rewritten),editorial review (3rd edition)
2026-10-04 02:08,300-review.json,intest-0048,explanation,"17, A 60‐year‐old male with anemia, a positive fecal occult blood test, and a palpable right lower quadrant fullness suggests a caecal tumor, given the typical presentation and risk profile in older patients.",(rewritten),editorial review (3rd edition)
2026-10-04 02:08,300-review.json,intest-0049,explanation,"21, Following a hemorrhoidectomy, the most common early postoperative complication is urinary retention, often due to the effects of anesthesia, pain, and reflex inhibition of bladder function.",(rewritten),editorial review (3rd edition)
2026-10-04 02:08,300-review.json,intest-0050,answer,C,D,editorial review (3rd edition)
2026-10-04 02:08,300-review.json,intest-0050,explanation,"22, The incidental finding of a mucinous adenocarcinoma with lymphatic invasion after appendectomy necessitates aggressive management with neoadjuvant chemotherapy followed by right hemicolectomy to address potential microscopic spread.",(rewritten),editorial review (3rd edition)
2026-10-04 02:08,300-review.json,intest-0052,explanation,% Approximately 25% of the global population – especially in poor sanitation settings – are affected.,(rewritten),editorial review (3rd edition)
2026-10-04 02:08,300-review.json,intest-0054,answer,BD,BDE,editorial review (3rd edition)
2026-10-04 02:08,300-review.json,intest-0054,explanation,The cycle involves hepatic passage and pulmonary maturation.,(rewritten),editorial review (3rd edition)
2026-10-04 02:08,300-review.json,intest-0073,explanation,"The small intestine primarily digests and absorbs nutrients; the colon absorbs water and receives about 1 litre of content per day, while bile salts and vitamin B12 are absorbed in the terminal ileum and transit is faster than 24 hours.",(rewritten),editorial review (3rd edition)
2026-10-04 02:08,300-review.json,intest-0074,answer,ADE,ABE,editorial review (3rd edition)
2026-10-04 02:08,300-review.json,intest-0074,explanation,UC characteristically starts in the rectum; according to the key granulomas are marked as true and toxic megacolon typically involves the transverse colon.,(rewritten),editorial review (3rd edition)
2026-10-04 02:08,300-review.json,intest-0084,answer,BCD,BCDE,editorial review (3rd edition)
2026-10-04 02:08,300-review.json,intest-0084,explanation,"%, E. Pouchitis occurs in 30% An ileo‐anal pouch is appropriate for UC when the sphincter is normal; expected pouch removal, obstruction and pouchitis rates are as stated.",(rewritten),editorial review (3rd edition)
2026-10-04 02:08,300-review.json,intest-0095,answer,AB,ABCE,editorial review (3rd edition)
2026-10-04 02:08,300-review.json,intest-0095,explanation,"C. A Meckel’s diverticulum can cause severe lower gastrointestinal haemorrhage, E. Pain originating in a Meckel’s diverticulum is located around the umbilicus Meckel’s diverticulum is best imaged by radionuclide scanning rather than a barium study.",(rewritten),editorial review (3rd edition)
2026-10-04 02:08,300-review.json,intest-0096,explanation,In the Western world diverticula are false – they lack a full muscular layer.,(rewritten),editorial review (3rd edition)
2026-10-04 02:08,300-review.json,intest-0101,explanation,Ischaemic colitis typically involves the splenic flexure and may lead to strictures; severe pain is a hallmark and thrombosis generally involves the SMA origin; angiodysplasia more often occurs in the right colon.,(rewritten),editorial review (3rd edition)
2026-10-04 02:08,300-review.json,intest-0108,stem,"Regarding to Acute intussusception ,Which of the following statements are true?","Regarding acute intussusception, which of the following statements are true?",editorial review (3rd edition)
2026-10-04 02:08,300-review.json,intest-0109,stem,Regarding to Volvulus Which of the following statements are true?,"Regarding volvulus, which of the following statements are true?",editorial review (3rd edition)
2026-10-04 02:08,300-review.json,intest-0110,stem,Regarding to Clinical features of intestinal obstruction Which of the following statements are true?,"Regarding clinical features of intestinal obstruction, which of the following statements are true?",editorial review (3rd edition)
2026-10-04 02:08,300-review.json,intest-0114,stem,Regarding to Treatment of acute intestinal obstruction Which of the following statements are not true?,"Regarding treatment of acute intestinal obstruction, which of the following statements are not true?",editorial review (3rd edition)
2026-10-04 02:08,300-review.json,intest-0116,answer,A,BCDE,editorial review (3rd edition)
2026-10-04 02:08,300-review.json,intest-0116,explanation,"Congenital atresia and stenosis are the most common causes; B. Bilious vomiting is a feature of jejunal atresia; D. ‘String of sausages’ appearance is due to multiple atresias Atresia and stenosis are common causes, bilious vomiting indicates obstruction, and multiple atresias cause a ‘string of sausages’ appearance; note that perforation can occur and associated anomalies are frequent.",(rewritten),editorial review (3rd edition)
2026-10-04 02:08,300-review.json,intest-0117,answer,A,CE,editorial review (3rd edition)
2026-10-04 02:08,300-review.json,intest-0117,explanation,In paralytic ileus colicky pain is a prominent feature. Paralytic ileus typically presents with constant discomfort rather than colicky pain.,(rewritten),editorial review (3rd edition)
2026-10-04 02:08,300-review.json,intest-0119,stem,Regarding to Acute appendicitis Which of the following statements are true?,"Regarding acute appendicitis, which of the following statements are true?",editorial review (3rd edition)
2026-10-04 02:08,300-review.json,intest-0122,explanation,%. The foetal loss rate in appendicitis during pregnancy is lower than 30%.,(rewritten),editorial review (3rd edition)
2026-10-04 02:08,300-review.json,intest-0127,options,"[""(A) 6-mercaptopurine"", ""(B) azathioprine"", ""(C) opioid antidiarrheals"", ""(D) colonoscopic decompression"", ""(E) high-dose IV steroids and broad-spectrum antibiotics""]","[""6-mercaptopurine"", ""azathioprine"", ""opioid antidiarrheals"", ""colonoscopic decompression"", ""high-dose IV steroids and broad-spectrum antibiotics""]",editorial review (3rd edition)
2026-10-04 02:08,300-review.json,intest-0127,explanation,"high-dose IV steroids and broad-spectrum antibiotics Toxic megacolon requires aggressive management with steroids, antibiotics, and supportive care.",(rewritten),editorial review (3rd edition)
2026-10-04 02:08,300-review.json,intest-0128,options,"[""(A) colonoscopic decompression"", ""(B) cyclosporine"", ""(C) abdominal colectomy and ileostomy and Hartmann’s procedure"", ""(D) proctocolectomy with ileal pouch-anal anastomosis"", ""(E) abdominal colectomy with ileorectal anastomosis""]","[""colonoscopic decompression"", ""cyclosporine"", ""abdominal colectomy and ileostomy and Hartmann’s procedure"", ""proctocolectomy with ileal pouch-anal anastomosis"", ""abdominal colectomy with ileorectal anastomosis""]",editorial review (3rd edition)
2026-10-04 02:08,300-review.json,intest-0128,explanation,abdominal colectomy and ileostomy and Hartmann’s procedure No improvement on medical therapy for toxic megacolon requires urgent surgery; total proctocolectomy is too extensive emergently.,(rewritten),editorial review (3rd edition)
2026-10-04 02:08,300-review.json,intest-0129,options,"[""(A) ulcerative colitis"", ""(B) appendicitis"", ""(C) Crohn’s disease"", ""(D) irritable bowel syndrome"", ""(E) lactose intolerance""]","[""ulcerative colitis"", ""appendicitis"", ""Crohn’s disease"", ""irritable bowel syndrome"", ""lactose intolerance""]",editorial review (3rd edition)
2026-10-04 02:08,300-review.json,intest-0130,options,"[""(A) repeat CT scan with delayed imaging"", ""(B) ultrasonography"", ""(C) sigmoidoscopy"", ""(D) colonoscopy"", ""(E) small-bowel radiography""]","[""repeat CT scan with delayed imaging"", ""ultrasonography"", ""sigmoidoscopy"", ""colonoscopy"", ""small-bowel radiography""]",editorial review (3rd edition)
2026-10-04 02:08,300-review.json,intest-0130,answer,E,D,editorial review (3rd edition)
2026-10-04 02:08,300-review.json,intest-0130,explanation,small-bowel radiography Small-bowel follow-through or enteroclysis is best for terminal ileum involvement.,(rewritten),editorial review (3rd edition)
2026-10-04 02:08,300-review.json,intest-0131,options,"[""(A) antibiotics and IV fluids"", ""(B) lactose-free diet"", ""(C) antispasmodics"", ""(D) nutritional supplementation and systemic steroids"", ""(E) laparotomy""]","[""antibiotics and IV fluids"", ""lactose-free diet"", ""antispasmodics"", ""nutritional supplementation and systemic steroids"", ""laparotomy""]",editorial review (3rd edition)
2026-10-04 02:08,300-review.json,intest-0131,explanation,nutritional supplementation and systemic steroids Acute flare is managed medically with steroids and supportive care.,(rewritten),editorial review (3rd edition)
2026-10-04 02:08,300-review.json,intest-0132,options,"[""(A) colon cancer with contained perforation"", ""(B) ischemic colitis"", ""(C) pseudomembranous colitis"", ""(D) diverticulitis"", ""(E) pyelonephritis""]","[""colon cancer with contained perforation"", ""ischemic colitis"", ""pseudomembranous colitis"", ""diverticulitis"", ""pyelonephritis""]",editorial review (3rd edition)
2026-10-04 02:08,300-review.json,intest-0132,explanation,diverticulitis The clinical picture and CT findings are most consistent with diverticulitis.,(rewritten),editorial review (3rd edition)
2026-10-04 02:08,300-review.json,intest-0133,options,"[""(A) NPO, IV fluids, and IV antibiotics for gram-negative and anaerobic coverage"", ""(B) NPO, IV fluid hydration, followed by immediate sigmoid colon resection"", ""(C) NPO, IV fluids, and anticoagulation"", ""(D) NPO, IV fluids, evaluation of stool for C. difficile toxin, and either metronidazole or vancomycin"", ""(E) NPO, IV fluids, initiation of bowel preparation for elective sigmoid colon resect...","[""NPO, IV fluids, and IV antibiotics for gram-negative and anaerobic coverage"", ""NPO, IV fluid hydration, followed by immediate sigmoid colon resection"", ""NPO, IV fluids, and anticoagulation"", ""NPO, IV fluids, evaluation of stool for C. difficile toxin, and either metronidazole or vancomycin"", ""NPO, IV fluids, initiation of bowel preparation for elective sigmoid colon resection""]",editorial review (3rd edition)
2026-10-04 02:08,300-review.json,intest-0134,options,"[""(A) ischemic colitis with stricture"", ""(B) diverticulitis with obstruction"", ""(C) cecal volvulus"", ""(D) sigmoid volvulus"", ""(E) colon cancer with obstruction""]","[""ischemic colitis with stricture"", ""diverticulitis with obstruction"", ""cecal volvulus"", ""sigmoid volvulus"", ""colon cancer with obstruction""]",editorial review (3rd edition)
2026-10-04 02:08,300-review.json,intest-0134,explanation,sigmoid volvulus The radiographic “bird’s beak” appearance is diagnostic for sigmoid volvulus.,(rewritten),editorial review (3rd edition)
2026-10-04 02:08,300-review.json,intest-0135,options,"[""(A) urgent sigmoid resection"", ""(B) nonoperative reduction by proctoscopy and rectal tube"", ""(C) proximal colostomy"", ""(D) urgent operative detorsion"", ""(E) nonoperative reduction by passage of well-lubricated rectal tube""]","[""urgent sigmoid resection"", ""nonoperative reduction by proctoscopy and rectal tube"", ""proximal colostomy"", ""urgent operative detorsion"", ""nonoperative reduction by passage of well-lubricated rectal tube""]",editorial review (3rd edition)
2026-10-04 02:08,300-review.json,intest-0135,explanation,nonoperative reduction by proctoscopy and rectal tube Reduction using proctoscopy and rectal tube is indicated if there are no signs of ischemia.,(rewritten),editorial review (3rd edition)
2026-10-04 02:08,300-review.json,intest-0136,options,"[""(A) stool for C. difficile toxin test and institution of metronidazole"", ""(B) sigmoidoscopy"", ""(C) air contrast barium enema"", ""(D) CT scan"", ""(E) abdominal x-rays""]","[""stool for C. difficile toxin test and institution of metronidazole"", ""sigmoidoscopy"", ""air contrast barium enema"", ""CT scan"", ""abdominal x-rays""]",editorial review (3rd edition)
2026-10-04 02:08,300-review.json,intest-0136,explanation,sigmoidoscopy The findings raise concern for ischemic colitis; sigmoidoscopy is indicated.,(rewritten),editorial review (3rd edition)
2026-10-04 02:08,300-review.json,intest-0137,options,"[""(A) gastroenteritis"", ""(B) intussusception"", ""(C) midgut volvulus"", ""(D) Meckel’s diverticulum"", ""(E) juvenile rectal polyp""]","[""gastroenteritis"", ""intussusception"", ""midgut volvulus"", ""Meckel’s diverticulum"", ""juvenile rectal polyp""]",editorial review (3rd edition)
2026-10-04 02:08,300-review.json,intest-0137,explanation,intussusception The infant’s intermittent colicky pain and currant jelly stool are typical for intussusception.,(rewritten),editorial review (3rd edition)
2026-10-04 02:08,300-review.json,intest-0137,chapter,intest,paed,editorial review (3rd edition)
2026-10-04 02:08,300-review.json,intest-0138,options,"[""(A) proctoscopy"", ""(B) oral rehydration and stool cultures"", ""(C) IV fluid rehydration and a hydrostatic barium enema"", ""(D) technetium scan"", ""(E) IV fluid rehydration, NG decompression, and a UGI contrast study""]","[""proctoscopy"", ""oral rehydration and stool cultures"", ""IV fluid rehydration and a hydrostatic barium enema"", ""technetium scan"", ""IV fluid rehydration, NG decompression, and a UGI contrast study""]",editorial review (3rd edition)
2026-10-04 02:08,300-review.json,intest-0138,explanation,IV fluid rehydration and a hydrostatic barium enema Hydrostatic reduction with a contrast enema is the treatment of choice for intussusception.,(rewritten),editorial review (3rd edition)
2026-10-04 02:08,300-review.json,intest-0138,chapter,intest,paed,editorial review (3rd edition)
2026-10-04 02:08,300-review.json,intest-0139,options,"[""(A) congenital hypertrophic pyloric stenosis"", ""(B) annular pancreas"", ""(C) duodenal atresia"", ""(D) midgut volvulus"", ""(E) intussusception""]","[""congenital hypertrophic pyloric stenosis"", ""annular pancreas"", ""duodenal atresia"", ""midgut volvulus"", ""intussusception""]",editorial review (3rd edition)
2026-10-04 02:08,300-review.json,intest-0139,explanation,midgut volvulus The clinical and radiographic findings are most consistent with midgut volvulus.,(rewritten),editorial review (3rd edition)
2026-10-04 02:08,300-review.json,intest-0140,options,"[""(A) anorectal malformation"", ""(B) esophageal atresia"", ""(C) duodenal atresia"", ""(D) midgut volvulus"", ""(E) intussusception""]","[""anorectal malformation"", ""esophageal atresia"", ""duodenal atresia"", ""midgut volvulus"", ""intussusception""]",editorial review (3rd edition)
2026-10-04 02:08,300-review.json,intest-0140,explanation,duodenal atresia The classic double bubble in a Down syndrome infant is diagnostic for duodenal atresia.,(rewritten),editorial review (3rd edition)
2026-10-04 02:08,300-review.json,intest-0146,explanation,"Treatment of C. difficile colitis includes IV fluids, stopping the inciting antibiotic, and metronidazole.",(rewritten),editorial review (3rd edition)
2026-10-04 02:08,300-review.json,intest-0147,chapter,intest,paed,editorial review (3rd edition)
2026-10-04 02:08,300-review.json,intest-0149,images,"[""pic/EMBEDDED""]",[],editorial review (3rd edition)
2026-10-04 02:08,300-review.json,intest-0162,answer,D,C,editorial review (3rd edition)
2026-10-04 02:08,300-review.json,intest-0162,explanation,"In developing countries, hernia is the leading cause of large bowel obstruction.",(rewritten),editorial review (3rd edition)
2026-10-04 02:08,300-review.json,intest-0170,stem,Management of left iliac fossa pain You are asked by your senior colleague to devise the treatment plan for the patient in Question 11. What is the most appropriate treatment plan?,Management of left iliac fossa pain: you are asked by your senior colleague to devise the treatment plan for the elderly man with acute diverticulitis described above. What is the most appropriate treatment plan?,editorial review (3rd edition)
2026-10-04 02:08,300-review.json,intest-0174,options,"[""Start the patient on analgesia and intravenous antibiotics"", ""Send for a computed tomography scan of the abdomen"", ""Observe patient for the next 2 hours and reassess"", ""Send for emergency explorative laparotomy"", ""None of the above""]","[""Start the patient on analgesia and intravenous antibiotics"", ""Send for a computed tomography scan of the abdomen"", ""Observe patient for the next 2 hours and reassess"", ""Emergency diagnostic laparoscopy (± appendicectomy)"", ""None of the above""]",editorial review (3rd edition)
2026-10-04 02:08,300-review.json,intest-0174,explanation,Inconclusive imaging with significant signs warrants emergency laparotomy.,(rewritten),editorial review (3rd edition)
2026-10-04 02:08,300-review.json,intest-0175,options,"[""Laparotomy and reduction"", ""Barium enema per rectum and abdominal plain film radiography"", ""Analgesia and observation for 24 hours"", ""Intravenous fluids and antibiotics"", ""Laparotomy and resection""]","[""Laparotomy and reduction"", ""Radiological (air or contrast) enema reduction after an abdominal film"", ""Analgesia and observation for 24 hours"", ""Intravenous fluids and antibiotics"", ""Laparotomy and resection""]",editorial review (3rd edition)
2026-10-04 02:08,300-review.json,intest-0175,explanation,Barium enema is the first line treatment for intussusception in children.,(rewritten),editorial review (3rd edition)
2026-10-04 02:08,300-review.json,intest-0175,chapter,intest,paed,editorial review (3rd edition)
2026-10-04 02:08,300-review.json,intest-0178,explanation,scan is the investigation of choice for confirming a diverticular abscess.,(rewritten),editorial review (3rd edition)
2026-10-04 02:08,300-review.json,intest-0179,explanation,"This presentation suggests pseudomembranous colitis, initially managed with oral metronidazole.",(rewritten),editorial review (3rd edition)
2026-10-04 02:08,300-review.json,intest-0184,options,"[""Barium enema"", ""Continued observation"", ""Intravenous antibiotics"", ""Laparotomy"", ""Scrotal exploration""]","[""Air or contrast enema reduction"", ""Continued observation"", ""Intravenous antibiotics"", ""Laparotomy"", ""Scrotal exploration""]",editorial review (3rd edition)
2026-10-04 02:08,300-review.json,intest-0184,explanation,Intussusception can often be reduced by a contrast enema.,(rewritten),editorial review (3rd edition)
2026-10-04 02:08,300-review.json,intest-0184,chapter,intest,paed,editorial review (3rd edition)
2026-10-04 02:08,300-review.json,intest-0196,explanation,"This is a classic presentation for ulcerative colitis: the key features are frequency (due to colonic involvement), bloody mucus, urgency (due to rectal hypersensitivity), and diarrhoea. Rectal cancer and diverticular disease typically present in the ageing population although both can be seen as young as patients in their 20s. The bleeding associated with rectal cancer is often smaller volume ...",(rewritten),editorial review (3rd edition)
2026-10-04 02:08,300-review.json,intest-0197,explanation,"This is a common presenting complaint to the acute surgical take team. Diverticula commonly occur in the sigmoid colon and when they become inflamed (diverticulitis) they cause left iliac fossa pain, tenderness, and fever. A perforated cancer may simulate diverticulitis but it is less common and a palpable mass is usual. An acute presentation of colonic Crohn’s disease would be very rare at thi...",(rewritten),editorial review (3rd edition)
2026-10-04 02:08,300-review.json,intest-0198,explanation,There is an obvious well-formed abscess to the left side of the image with fluid and gas in it. This is typical for a diverticular abscess and fits with the clinical picture. There is no clinical evidence for the presence of widespread intra-abdominal infection so emergency operation and resection is not mandatory and ideally should be avoided in an elderly patient. A diverting loop stoma of an...,(rewritten),editorial review (3rd edition)
2026-10-04 02:08,300-review.json,intest-0199,explanation,In this clinical setting it must be assumed that the patient has an anastomotic leak. Five days is a typical length of time after surgery for this to happen. The vague abdominal signs and left-sided tenderness should not dissuade you from this diagnosis. A CT scan is the best investigation to confirm the diagnosis if the patient is stable enough and for those who are acutely unwell a prompt ret...,(rewritten),editorial review (3rd edition)
2026-10-04 02:08,300-review.json,intest-0202,explanation,"The jejunum is generally thick walled, darker red/more purple in colour, with prominent plicae circulares being a predominantly digestive organ producing the majority of the digestive fluid from the small bowel and performing the majority of the absorption for both main nutritional elements and micronutrients. The ileum tends to be paler and bluer, thinner walled, with thinner plicae circulares...",(rewritten),editorial review (3rd edition)
2026-10-04 02:08,300-review.json,intest-0203,explanation,"The diagnosis of acute appendicitis has been made clinically. Chest X-ray, abdominal X-ray, and pelvic ultrasound cannot reliably make or exclude the diagnosis and will not alter the decision to proceed. CT scanning is contraindicated because of her age. ... the only diagnosis which would affect this decision is the establishment of pregnancy; thus a pregnancy test is mandatory before proceedin...",(rewritten),editorial review (3rd edition)
2026-10-04 02:08,300-review.json,intest-0204,explanation,,(rewritten),editorial review (3rd edition)
2026-10-04 02:08,300-review.json,intest-0204,chapter,intest,paed,editorial review (3rd edition)
2026-10-04 02:08,300-review.json,intest-0205,DELETED,,,duplicate of intest-0050 (intest2.tsv:28)
2026-10-04 02:08,300-review.json,intest-0220,stem,A 37-year-old man with a 10-year history of ulcerative colitis who has a sessile polyp 10 cm from the anal verge with high-grade dysplasia.,A 37-year-old man with a 10-year history of ulcerative colitis has a sessile polyp with high-grade dysplasia 10 cm from the anal verge. Which operation is most appropriate?,editorial review (3rd edition)
2026-10-04 02:08,300-review.json,intest-0220,explanation,Definitive management for ulcerative colitis with dysplasia is total proctocolectomy with ileoanal J-pouch.,(rewritten),editorial review (3rd edition)
2026-10-04 02:08,300-review.json,intest-0221,stem,"A 33-year-old man with a history of Crohn disease presents with severe abdominal pain and fever. On examination, his heart rate is 130 beats/minute, blood pressure 105/62 mm Hg, and temperature 38.9°C (102°F). Workup reveals a leukocytosis of 32,000/mm3. Plain films reveal a markedly dilated large colon.","A 33-year-old man with Crohn disease has severe abdominal pain and fever: HR 130/min, BP 105/62 mmHg, temperature 38.9 °C, WCC 32 000/mm³; plain films show a markedly dilated colon. Which operation is most appropriate?",editorial review (3rd edition)
2026-10-04 02:08,300-review.json,intest-0221,explanation,Toxic megacolon in Crohn’s disease is managed with subtotal colectomy and end ileostomy.,(rewritten),editorial review (3rd edition)
2026-10-04 02:08,300-review.json,intest-0222,explanation,"The answer highlights that the most common causes of small bowel obstruction are “adhesions, hernias, and cancer,” which is exactly what option A states.",(rewritten),editorial review (3rd edition)
2026-10-04 02:08,300-review.json,intest-0223,explanation,"The provided answer explains that the indications for surgery for Meckel’s diverticulum are “bleeding, obstruction, and perforation,” making option B the correct answer.",(rewritten),editorial review (3rd edition)
2026-10-04 02:08,300-review.json,intest-0229,answer,C,B,editorial review (3rd edition)
2026-10-04 02:08,300-review.json,intest-0229,explanation,Text mentions cycle irregularities/micturition issues; likely uterine origin.,(rewritten),editorial review (3rd edition)
2026-10-04 02:08,300-review.json,intest-0232,chapter,intest,paed,editorial review (3rd edition)
2026-10-04 02:08,300-review.json,anus-0003,stem,Regarding to Injuries and foreign bodies in the rectum Which of the following statements are true?,"Regarding injuries and foreign bodies in the rectum, which of the following statements are true?",editorial review (3rd edition)
2026-10-04 02:08,300-review.json,anus-0004,stem,Regarding to rectal prolapse The following statements are true except:,"Regarding rectal prolapse, the following statements are true except:",editorial review (3rd edition)
2026-10-04 02:08,300-review.json,anus-0005,stem,Regarding to Proctitis Which of the following statements are true?,"Regarding proctitis, which of the following statements are true?",editorial review (3rd edition)
2026-10-04 02:08,300-review.json,anus-0006,stem,Regarding to rectal polyps Which of the following statements are true?,"Regarding rectal polyps, which of the following statements are true?",editorial review (3rd edition)
2026-10-04 02:08,300-review.json,anus-0007,stem,Regarding to carcinoma of the rectum The following statements are true except:,"Regarding carcinoma of the rectum, the following statements are true except:",editorial review (3rd edition)
2026-10-04 02:08,300-review.json,anus-0010,stem,Regarding to Special investigations on the ano-rectum Which of the following statements are true?,"Regarding special investigations on the ano-rectum, which of the following statements are true?",editorial review (3rd edition)
2026-10-04 02:08,300-review.json,anus-0011,stem,Regarding to imperforate anus Which of the following statements are true?,"Regarding imperforate anus, which of the following statements are true?",editorial review (3rd edition)
2026-10-04 02:08,300-review.json,anus-0012,stem,Regarding to Pilonidal sinus The following statements are true except:,"Regarding pilonidal sinus, the following statements are true except:",editorial review (3rd edition)
2026-10-04 02:08,300-review.json,anus-0013,stem,Regarding to Anal incontinence Which of the following statements are true?,"Regarding anal incontinence, which of the following statements are true?",editorial review (3rd edition)
2026-10-04 02:08,300-review.json,anus-0014,stem,Regarding to Anal fissure Which of the following statement(s) is/are false?,"Regarding anal fissure, which of the following statement(s) is/are false?",editorial review (3rd edition)
2026-10-04 02:08,300-review.json,anus-0015,stem,Regarding to Haemorrhoids Which of the following statements are true?,"Regarding haemorrhoids, which of the following statements are true?",editorial review (3rd edition)
2026-10-04 02:08,300-review.json,anus-0015,explanation,’ Enlarged cushions cause symptoms; Goligher I–IV guides therapy; start with lifestyle; strangulation may need emergency surgery; Milligan-Morgan is standard elective technique.,(rewritten),editorial review (3rd edition)
2026-10-04 02:08,300-review.json,anus-0016,stem,Regarding to pruritis ani Which of the following statements are not true?,"Regarding pruritis ani, which of the following statements are not true?",editorial review (3rd edition)
2026-10-04 02:08,300-review.json,anus-0017,stem,Regarding to Anorectal abscesses Which of the following statements are true?,"Regarding anorectal abscesses, which of the following statements are true?",editorial review (3rd edition)
2026-10-04 02:08,300-review.json,anus-0018,stem,Regarding to Fistula-in-ano The following statements are true except:,"Regarding fistula-in-ano, the following statements are true except:",editorial review (3rd edition)
2026-10-04 02:08,300-review.json,anus-0033,explanation,"The appearance is typical of a full thickness rectal prolapse. It is too large and cylindrical to be simple mucosal prolapse. Thus injection sclerotherapy and banding are both inappropriate. Although a rectopexy (fixation of the rectum) or a Delorme’s procedure (mucosal excision and plication) are treatments for prolapse, and can be very effective, the mainstay of initial treatment is proper as...",(rewritten),editorial review (3rd edition)
2026-10-04 02:08,300-review.json,anus-0034,explanation,This is a pilonidal abscess. It may be mistaken for a perianal abscess or a fistula in ano but the presence of the midline pits and the disease process located in the natal cleft are almost diagnostic. Pilonidal abscesses occur superior to the perianal area in the natal cleft between the buttocks. Early infection where there is no suppuration may be treated by oral antibiotics but here there is...,(rewritten),editorial review (3rd edition)
2026-10-04 02:08,300-review.json,anus-0035,explanation,This man most likely has a perianal abscess. This will require examination under general anaesthetic with incision and drainage although he should ideally be consented for appropriate management of a fistula if it is found. It is usually too painful to do this properly on the ward and the underlying fistula will be missed if you do. Simple aspiration is inadequate. MRI scanning may be helpful f...,(rewritten),editorial review (3rd edition)
2026-10-04 02:08,300-review.json,anus-0036,explanation,This is a simple fissure in ano. There is no reason to suspect an alternative or underlying diagnosis. Unless it fails to respond to first-line treatment further investigation under anaesthetic is not necessary and treatment should be started first. It is thought that the pathogenesis of anal fissures involve spasm of the internal anal sphincter with associated changes in anal blood flow and po...,(rewritten),editorial review (3rd edition)
2026-10-04 02:08,300-review.json,gibleed-0002,explanation,"6, In a patient with melena, epigastric pain, weight loss, and a palpable Virchow’s node, oesophago‐gastro‐duodenoscopy is essential to localize the lesion and obtain a biopsy for suspected gastric malignancy.",(rewritten),editorial review (3rd edition)
2026-10-04 02:08,300-review.json,gibleed-0003,explanation,"9, The occurrence of coffee‐ground vomitus, indicating upper GI bleeding, makes oesophago‐gastro‐duodenoscopy the first investigation to directly visualize the source and allow for appropriate therapeutic intervention.",(rewritten),editorial review (3rd edition)
2026-10-04 02:08,300-review.json,gibleed-0004,explanation,"15, In an alcoholic male with signs of liver dysfunction including jaundice, ascites, and upper GI bleeding, the clinical picture is most consistent with bleeding esophageal varices secondary to portal hypertension.",(rewritten),editorial review (3rd edition)
2026-10-04 02:08,300-review.json,gibleed-0011,stem,"A 60-year-old man is brought to the emergency department following a fainting episode at home. He complains of bright red blood per rectum for the last 6 hours. He denies abdominal pain or vomiting. Examination reveals a pulse rate of 110/min; BP of 95/50 mmHg; and no significant heart, lung, or abdominal findings. He has gross blood on rectal examination.","A 60-year-old man is brought to the emergency department after fainting at home. He has passed bright red blood per rectum for 6 hours, without abdominal pain or vomiting. Pulse 110/min, BP 95/50 mmHg; there is gross blood on rectal examination. What is the most likely diagnosis?",editorial review (3rd edition)
2026-10-04 02:08,300-review.json,gibleed-0011,options,"[""diverticulosis of the colon"", ""ulcerative colitis"", ""Meckel’s diverticulum"", ""ischemic colitis"", ""aortoenteric fistula; F) peptic ulcer; G) carcinoma of the colon; H) esophageal varices; I) gastric ulcer""]","[""diverticulosis of the colon"", ""ulcerative colitis"", ""Meckel’s diverticulum"", ""ischemic colitis"", ""aortoenteric fistula"", ""peptic ulcer"", ""carcinoma of the colon"", ""esophageal varices"", ""gastric ulcer""]",editorial review (3rd edition)
2026-10-04 02:08,300-review.json,gibleed-0011,explanation,"Diverticulosis is the common cause of massive, painless rectal bleeding in older patients.",(rewritten),editorial review (3rd edition)
2026-10-04 02:08,300-review.json,gibleed-0012,stem,A 56-year-old woman presents to the emergency department following an episode of melanotic stool 48 hours ago. She underwent resuscitation at another facility before transfer. She has no current complaints. The melena has not recurred. Past surgical history is pertinent for appendectomy at age 25 and abdominal aortic aneurysm repair 2 years ago. She has a 30 pack-year smoking history and drinks...,A 56-year-old woman had an episode of melaena 48 hours ago that has not recurred. She had an abdominal aortic aneurysm repair 2 years ago. Upper GI endoscopy to the duodenal bulb and colonoscopy are normal. What is the most likely diagnosis?,editorial review (3rd edition)
2026-10-04 02:08,300-review.json,gibleed-0012,options,"[""diverticulosis of the colon"", ""ulcerative colitis"", ""Meckel’s diverticulum"", ""ischemic colitis"", ""aortoenteric fistula; F) peptic ulcer; G) carcinoma of the colon; H) esophageal varices; I) gastric ulcer""]","[""diverticulosis of the colon"", ""ulcerative colitis"", ""Meckel’s diverticulum"", ""ischemic colitis"", ""aortoenteric fistula"", ""peptic ulcer"", ""carcinoma of the colon"", ""esophageal varices"", ""gastric ulcer""]",editorial review (3rd edition)
2026-10-04 02:08,300-review.json,gibleed-0012,explanation,aortoenteric fistula A herald bleed after aortic aneurysm repair indicates an aortoenteric fistula.,(rewritten),editorial review (3rd edition)
2026-10-04 02:08,300-review.json,gibleed-0013,stem,"A 65-year-old woman presents to the emergency department complaining of severe fatigue and weakness over the last week. Past history is pertinent for hypertension, diabetes, and coronary artery disease. Medications include a calcium channel blocker, insulin, and daily aspirin. She has a 40 pack-year smoking history and drinks alcohol… (Note: The complete history implies chronic blood loss.)","A 65-year-old woman has severe fatigue and weakness. She has hypertension, diabetes and coronary disease, takes daily aspirin and has a 40 pack-year smoking history. She is pale, her stool is positive for occult blood and she has a microcytic anaemia. What is the most likely diagnosis?",editorial review (3rd edition)
2026-10-04 02:08,300-review.json,gibleed-0013,options,"[""diverticulosis of the colon"", ""ulcerative colitis"", ""Meckel’s diverticulum"", ""ischemic colitis"", ""aortoenteric fistula; F) peptic ulcer; G) carcinoma of the colon; H) esophageal varices; I) gastric ulcer""]","[""diverticulosis of the colon"", ""ulcerative colitis"", ""Meckel’s diverticulum"", ""ischemic colitis"", ""aortoenteric fistula"", ""peptic ulcer"", ""carcinoma of the colon"", ""esophageal varices"", ""gastric ulcer""]",editorial review (3rd edition)
2026-10-04 02:08,300-review.json,gibleed-0013,answer,,G,editorial review (3rd edition)
2026-10-04 02:08,300-review.json,gibleed-0013,explanation,G. carcinoma of the colon Chronic blood loss in an elderly patient suggests colon cancer.,(rewritten),editorial review (3rd edition)
2026-10-04 02:08,300-review.json,gibleed-0014,stem,"A 65-year-old man is transferred to the emergency department from an outside facility for evaluation of hematemesis and melena. Past history is pertinent for recently discovered cholelithiasis, for which he has not yet received a surgical consultation. He has complained of abdominal pain for the last 3–4 weeks and has been taking ibuprofen four times daily for 3 weeks as well as alcohol for the...","A 65-year-old man has haematemesis and melaena. He has had abdominal pain for 3–4 weeks and has taken ibuprofen four times daily for 3 weeks, with alcohol, for the pain. Pulse 100/min, BP 100/60 mmHg after resuscitation; there is RUQ and epigastric tenderness and melaena on rectal examination. What is the most likely diagnosis?",editorial review (3rd edition)
2026-10-04 02:08,300-review.json,gibleed-0014,options,"[""diverticulosis of the colon"", ""ulcerative colitis"", ""Meckel’s diverticulum"", ""ischemic colitis"", ""aortoenteric fistula; F) peptic ulcer; G) carcinoma of the colon; H) esophageal varices; I) gastric ulcer""]","[""diverticulosis of the colon"", ""ulcerative colitis"", ""Meckel’s diverticulum"", ""ischemic colitis"", ""aortoenteric fistula"", ""peptic ulcer"", ""carcinoma of the colon"", ""esophageal varices"", ""gastric ulcer""]",editorial review (3rd edition)
2026-10-04 02:08,300-review.json,gibleed-0014,answer,,I,editorial review (3rd edition)
2026-10-04 02:08,300-review.json,gibleed-0014,explanation,I. gastric ulcer NSAIDs and alcohol can cause a bleeding gastric ulcer.,(rewritten),editorial review (3rd edition)
2026-10-04 02:08,300-review.json,gibleed-0015,stem,"A 50-year-old man presents to the emergency department following an episode of hematemesis. Past history is pertinent for a 40 pack‐year smoking history and chronic alcoholism. Examination reveals a pulse rate of 120/min, BP of 90/60 mmHg, and an unremarkable heart and lung examination. Skin examination reveals spider angiomata and palmar erythema. Abdominal examination reveals a nontender, dis...","A 50-year-old man with chronic alcoholism has an episode of haematemesis. Pulse 120/min, BP 90/60 mmHg; there are spider naevi, palmar erythema and a distended, non-tender abdomen. What is the most likely diagnosis?",editorial review (3rd edition)
2026-10-04 02:08,300-review.json,gibleed-0015,options,"[""diverticulosis of the colon"", ""ulcerative colitis"", ""Meckel’s diverticulum"", ""ischemic colitis"", ""aortoenteric fistula; F) peptic ulcer; G) carcinoma of the colon; H) esophageal varices; I) gastric ulcer""]","[""diverticulosis of the colon"", ""ulcerative colitis"", ""Meckel’s diverticulum"", ""ischemic colitis"", ""aortoenteric fistula"", ""peptic ulcer"", ""carcinoma of the colon"", ""esophageal varices"", ""gastric ulcer""]",editorial review (3rd edition)
2026-10-04 02:08,300-review.json,gibleed-0015,answer,,H,editorial review (3rd edition)
2026-10-04 02:08,300-review.json,gibleed-0015,explanation,H. esophageal varices Liver disease from alcoholism suggests esophageal varices.,(rewritten),editorial review (3rd edition)
2026-10-04 02:08,300-review.json,gibleed-0016,stem,"A 35-year-old man presents to the emergency department with abdominal pain, hematemesis, and black, tarry stools. He complains of abdominal pain for 2 weeks, for which he has taken antacids with partial relief. Past history is pertinent for hypertension, a 20 pack‐year smoking history, and occasional alcohol intake. Examination reveals a pulse rate of 110/min, BP of 95/60 mmHg, epigastric tende...","A 35-year-old man has haematemesis and black tarry stools after 2 weeks of epigastric pain partly relieved by antacids. Pulse 110/min, BP 95/60 mmHg, with epigastric tenderness and melaena. What is the most likely diagnosis?",editorial review (3rd edition)
2026-10-04 02:08,300-review.json,gibleed-0016,options,"[""diverticulosis of the colon"", ""ulcerative colitis"", ""Meckel’s diverticulum"", ""ischemic colitis"", ""aortoenteric fistula; F) peptic ulcer; G) carcinoma of the colon; H) esophageal varices; I) gastric ulcer""]","[""diverticulosis of the colon"", ""ulcerative colitis"", ""Meckel’s diverticulum"", ""ischemic colitis"", ""aortoenteric fistula"", ""peptic ulcer"", ""carcinoma of the colon"", ""esophageal varices"", ""gastric ulcer""]",editorial review (3rd edition)
2026-10-04 02:08,300-review.json,gibleed-0016,answer,,F,editorial review (3rd edition)
2026-10-04 02:08,300-review.json,gibleed-0016,explanation,F. peptic ulcer Acute peptic ulcer disease is the likely cause of his symptoms.,(rewritten),editorial review (3rd edition)
2026-10-04 02:08,300-review.json,gibleed-0017,stem,"A 35-year-old woman presents to the emergency department with a 1-week history of bloody diarrhea. She complains of intermittent abdominal pain for 1 month that is now constant and has lost 10 lbs. Past history is unremarkable. Examination reveals a temperature of 101°F, pulse rate of 85/min, and BP of 110/60 mmHg. Heart and lung examinations are normal; abdominal exam reveals diffuse tenderness.","A 35-year-old woman has a 1-week history of bloody diarrhoea, 1 month of abdominal pain and 10 lb weight loss. Temperature 38.3 °C, pulse 85/min, BP 110/60 mmHg; the abdomen is diffusely tender. What is the most likely diagnosis?",editorial review (3rd edition)
2026-10-04 02:08,300-review.json,gibleed-0017,options,"[""diverticulosis of the colon"", ""ulcerative colitis"", ""Meckel’s diverticulum"", ""ischemic colitis"", ""aortoenteric fistula; F) peptic ulcer; G) carcinoma of the colon; H) esophageal varices; I) gastric ulcer""]","[""diverticulosis of the colon"", ""ulcerative colitis"", ""Meckel’s diverticulum"", ""ischemic colitis"", ""aortoenteric fistula"", ""peptic ulcer"", ""carcinoma of the colon"", ""esophageal varices"", ""gastric ulcer""]",editorial review (3rd edition)
2026-10-04 02:08,300-review.json,gibleed-0017,explanation,Bloody diarrhea with fever in a young adult suggests ulcerative colitis.,(rewritten),editorial review (3rd edition)
2026-10-04 02:08,300-review.json,gibleed-0019,options,"[""ischemic colitis"", ""peptic ulcer"", ""Meckel’s diverticulum"", ""diverticulosis of the colon"", ""colonic polyp; F) ulcerative colitis; G) carcinoma of colon""]","[""ischemic colitis"", ""peptic ulcer"", ""Meckel’s diverticulum"", ""diverticulosis of the colon"", ""colonic polyp"", ""ulcerative colitis"", ""carcinoma of colon""]",editorial review (3rd edition)
2026-10-04 02:08,300-review.json,gibleed-0019,explanation,"AAA repair can compromise blood flow, leading to ischemic colitis.",(rewritten),editorial review (3rd edition)
2026-10-04 02:08,300-review.json,gibleed-0020,options,"[""ischemic colitis"", ""peptic ulcer"", ""Meckel’s diverticulum"", ""diverticulosis of the colon"", ""colonic polyp; F) ulcerative colitis; G) carcinoma of colon""]","[""ischemic colitis"", ""peptic ulcer"", ""Meckel’s diverticulum"", ""diverticulosis of the colon"", ""colonic polyp"", ""ulcerative colitis"", ""carcinoma of colon""]",editorial review (3rd edition)
2026-10-04 02:08,300-review.json,gibleed-0021,options,"[""ischemic colitis"", ""peptic ulcer"", ""Meckel’s diverticulum"", ""diverticulosis of the colon"", ""colonic polyp; F) ulcerative colitis; G) carcinoma of colon""]","[""ischemic colitis"", ""peptic ulcer"", ""Meckel’s diverticulum"", ""diverticulosis of the colon"", ""colonic polyp"", ""ulcerative colitis"", ""carcinoma of colon""]",editorial review (3rd edition)
2026-10-04 02:08,300-review.json,gibleed-0022,options,"[""ischemic colitis"", ""peptic ulcer"", ""Meckel’s diverticulum"", ""diverticulosis of the colon"", ""colonic polyp; F) ulcerative colitis; G) carcinoma of colon""]","[""ischemic colitis"", ""peptic ulcer"", ""Meckel’s diverticulum"", ""diverticulosis of the colon"", ""colonic polyp"", ""ulcerative colitis"", ""carcinoma of colon""]",editorial review (3rd edition)
2026-10-04 02:08,300-review.json,gibleed-0022,answer,,G,editorial review (3rd edition)
2026-10-04 02:08,300-review.json,gibleed-0022,explanation,G. carcinoma of colon Changes in bowel habits and bleeding in the elderly raise concern for colon cancer.,(rewritten),editorial review (3rd edition)
2026-10-04 02:08,300-review.json,gibleed-0024,explanation,"observation The polypectomy margin is adequate; thus, observation with surveillance is recommended.",(rewritten),editorial review (3rd edition)
2026-10-04 02:08,300-review.json,gibleed-0031,chapter,gibleed,shock,editorial review (3rd edition)
2026-10-04 02:08,300-review.json,gibleed-0034,chapter,gibleed,paed,editorial review (3rd edition)
2026-10-04 02:08,300-review.json,gibleed-0036,explanation,This man most likely has haemorrhoids causing his bleeding. In the clinic proctoscopy and rigid sigmoidoscopy can be performed to make the diagnosis. Although a flexible sigmoidoscopy may be used to exclude any other diagnoses the simple clinic tests should be done to try to confirm the clinical suspicion. Colonoscopy or CT colonography would only be indicated if another pathology was found at ...,(rewritten),editorial review (3rd edition)
2026-10-04 02:08,300-review.json,gibleed-0037,explanation,This patient requires resuscitation in the first instance. Depending on the quantity of blood loss the patient may require significant fluid replacement and transfusion. Catheterization may be useful to monitor the urine output in an unstable patient but the first step is to establish access and give IV fluids. Investigations can take place after resuscitation has been fully initiated.,(rewritten),editorial review (3rd edition)
2026-10-04 02:08,300-review.json,gibleed-0039,explanation,Arrange surgical transfer to theatre for ongoing variceal bleeding.,(rewritten),editorial review (3rd edition)
2026-10-04 02:08,300-review.json,gibleed-0040,explanation,"Duodenal ulceration is frequently associated with Helicobacter pylori. The causation is due to increased acid production from the antrum of the stomach, possibly due to loss of suppression in the gastric crypts due to penetration of the gastric mucus layer by certain strains of the organism which results in chronic mucosal gastritis. The presence of the organism can be identified in gastric bio...",(rewritten),editorial review (3rd edition)
2026-10-04 02:08,300-review.json,gibleed-0041,explanation,"Although there is no ferritin given, the microcytic nature of the anaemia suggests an iron deficiency most likely due to occult blood loss. In a man of his age, the most likely sites for pathology which might cause this are: the proximal colon, the stomach, the duodenum, and the kidney. The usual investigation strategy is for combined (sequential) OGD and colonoscopy with an abdominopelvic CT s...",(rewritten),editorial review (3rd edition)
2026-10-04 02:08,300-review.json,gibleed-0042,explanation,There is a thin sliver of free gas under the right hemidiaphragm over the liver. This is too small to be a bowel loop and there are no features of change in the lung parenchyma making a linear collapse due to chest infection unlikely. The chest X-ray features are of a perforated viscus. With epigastric pain and a history of taking steroids and NSAIDs the most likely cause is a perforated peptic...,(rewritten),editorial review (3rd edition)
2026-10-04 02:08,300-review.json,gibleed-0043,explanation,The history is of melaena rather than dark colonic bleeding and the raised urea suggests that there has been absorption of protein (in the form of haemoglobin) from the small intestine meaning that the bleeding is likely to be from the duodenum or above. Gastroenteritis rarely causes frank bleeding and a duodenal peptic ulcer is much more common than gastric angiodysplasia.,(rewritten),editorial review (3rd edition)
2026-10-04 02:08,300-review.json,gibleed-0052,chapter,gibleed,gitum,editorial review (3rd edition)
2026-10-04 02:08,300-review.json,gibleed-0053,chapter,gibleed,gitum,editorial review (3rd edition)
2026-10-04 02:08,300-review.json,gibleed-0054,chapter,gibleed,gitum,editorial review (3rd edition)
2026-10-04 02:08,300-review.json,gibleed-0055,chapter,gibleed,gitum,editorial review (3rd edition)
2026-10-04 02:08,300-review.json,gibleed-0056,chapter,gibleed,gitum,editorial review (3rd edition)
2026-10-04 02:08,300-review.json,gibleed-0057,chapter,gibleed,gitum,editorial review (3rd edition)
2026-10-04 02:08,300-review.json,gibleed-0058,chapter,gibleed,liver,editorial review (3rd edition)
2026-10-04 02:08,300-review.json,gibleed-0059,chapter,gibleed,gitum,editorial review (3rd edition)
2026-10-04 02:08,300-review.json,gibleed-0060,stem,Regarding To Tumours of the small intestine Which of the following statement(s) are not true?,"Regarding to Tumours of the small intestine, which of the following statement(s) are not true?",editorial review (3rd edition)
2026-10-04 02:08,300-review.json,gibleed-0060,chapter,gibleed,gitum,editorial review (3rd edition)
2026-10-04 02:08,300-review.json,gibleed-0061,chapter,gibleed,gitum,editorial review (3rd edition)
2026-10-04 02:08,300-review.json,gibleed-0062,chapter,gibleed,gitum,editorial review (3rd edition)
2026-10-04 02:08,300-review.json,gibleed-0063,stem,Regarding To Tumours of the large intestine Which of the following statements are not true?,"Regarding to Tumours of the large intestine, which of the following statements are not true?",editorial review (3rd edition)
2026-10-04 02:08,300-review.json,gibleed-0063,chapter,gibleed,gitum,editorial review (3rd edition)
2026-10-04 02:08,300-review.json,gibleed-0064,chapter,gibleed,gitum,editorial review (3rd edition)
2026-10-04 02:08,300-review.json,gibleed-0065,chapter,gibleed,gitum,editorial review (3rd edition)
2026-10-04 02:08,300-review.json,gibleed-0066,chapter,gibleed,gitum,editorial review (3rd edition)
2026-10-04 02:08,300-review.json,gibleed-0067,chapter,gibleed,gitum,editorial review (3rd edition)
2026-10-04 02:08,300-review.json,gibleed-0068,chapter,gibleed,gitum,editorial review (3rd edition)
2026-10-04 02:08,300-review.json,gibleed-0069,chapter,gibleed,gitum,editorial review (3rd edition)
2026-10-04 02:08,300-review.json,gibleed-0070,stem,Regarding To Causes and management of cancer Which of the following statements are true regarding characteristics that cells should acquire before they are fully malignant?,"Regarding to Causes and management of cancer, which of the following statements are true regarding characteristics that cells should acquire before they are fully malignant?",editorial review (3rd edition)
2026-10-04 02:08,300-review.json,gibleed-0070,chapter,gibleed,gitum,editorial review (3rd edition)
2026-10-04 02:08,300-review.json,gibleed-0071,chapter,gibleed,gitum,editorial review (3rd edition)
2026-10-04 02:08,300-review.json,gibleed-0072,options,"[""Environmental factors have been the cause in >80% of cancers"", ""Genetic inheritance has a role in 20% of cancers"", ""Certain cancers can be prevented""]","[""Environmental factors have been the cause in >80% of cancers"", ""Genetic inheritance has a role in 20% of cancers"", ""Certain cancers can be prevented"", ""Screening aims at detecting disease in an asymptomatic stage"", ""Accurate diagnosis is the key to successful management""]",editorial review (3rd edition)
2026-10-04 02:08,300-review.json,gibleed-0072,answer,ABC,ABCDE,editorial review (3rd edition)
2026-10-04 02:08,300-review.json,gibleed-0072,explanation,All provided statements are correct.,(rewritten),editorial review (3rd edition)
2026-10-04 02:08,300-review.json,gibleed-0072,chapter,gibleed,gitum,editorial review (3rd edition)
2026-10-04 02:08,300-review.json,gibleed-0073,stem,D Screening aims at detecting disease in an asymptomatic stage. E Accurate diagnosis is the key to successful management. Regarding To Principles of cancer surgery Which of the following statements are not true?,"Regarding principles of cancer surgery, which of the following statements are not true?",editorial review (3rd edition)
2026-10-04 02:08,300-review.json,gibleed-0073,chapter,gibleed,gitum,editorial review (3rd edition)
2026-10-04 02:08,300-review.json,gibleed-0074,chapter,gibleed,gitum,editorial review (3rd edition)
2026-10-04 02:08,300-review.json,gibleed-0075,stem,A 55-year-old man presents to the physician’s office for his yearly physical examination. He is asymptomatic. Past history is pertinent for hypertension. Family history is positive for breast cancer in his mother at age 70 and colon cancer in his father at age 65. His exam- ination is unremarkable except for guiac positive stool. Barium enema shows a sig- moid colon polyp. Colonoscopy confirms ...,"A 55-year-old asymptomatic man has guaiac-positive stool. Colonoscopy shows a 3-cm pedunculated sigmoid polyp, removed by snare polypectomy. Histology shows an adenoma with a focus of invasive carcinoma in the head, a 4-mm resection margin and no tumour in the stalk. What is the most appropriate next step?",editorial review (3rd edition)
2026-10-04 02:08,300-review.json,gibleed-0075,options,[],"[""CT scan"", ""MRI scan"", ""Surgical resection of the sigmoid colon"", ""Observation with colonoscopic surveillance"", ""Regular NSAID use""]",editorial review (3rd edition)
2026-10-04 02:08,300-review.json,gibleed-0075,answer,,D,editorial review (3rd edition)
2026-10-04 02:08,300-review.json,gibleed-0075,explanation,X,(rewritten),editorial review (3rd edition)
2026-10-04 02:08,300-review.json,gibleed-0075,chapter,gibleed,gitum,editorial review (3rd edition)
2026-10-04 02:08,300-review.json,gibleed-0076,chapter,gibleed,gitum,editorial review (3rd edition)
2026-10-04 02:08,300-review.json,gibleed-0077,chapter,gibleed,gitum,editorial review (3rd edition)
2026-10-04 02:08,300-review.json,gibleed-0078,chapter,gibleed,gitum,editorial review (3rd edition)
2026-10-04 02:08,300-review.json,gibleed-0079,chapter,gibleed,gitum,editorial review (3rd edition)
2026-10-04 02:08,300-review.json,gibleed-0080,chapter,gibleed,gitum,editorial review (3rd edition)
2026-10-04 02:08,300-review.json,gibleed-0081,chapter,gibleed,gitum,editorial review (3rd edition)
2026-10-04 02:08,300-review.json,gibleed-0082,chapter,gibleed,gitum,editorial review (3rd edition)
2026-10-04 02:08,300-review.json,gibleed-0083,chapter,gibleed,gitum,editorial review (3rd edition)
2026-10-04 02:08,300-review.json,gibleed-0084,chapter,gibleed,gitum,editorial review (3rd edition)
2026-10-04 02:08,300-review.json,gibleed-0085,chapter,gibleed,gitum,editorial review (3rd edition)
2026-10-04 02:08,300-review.json,gibleed-0086,chapter,gibleed,gitum,editorial review (3rd edition)
2026-10-04 02:08,300-review.json,gibleed-0087,chapter,gibleed,gitum,editorial review (3rd edition)
2026-10-04 02:08,300-review.json,gibleed-0088,explanation,% Multiple studies show a 5-year survival rate in the range of 25–35% following curative resection.,(rewritten),editorial review (3rd edition)
2026-10-04 02:08,300-review.json,gibleed-0088,chapter,gibleed,gitum,editorial review (3rd edition)
2026-10-04 02:08,300-review.json,gibleed-0089,chapter,gibleed,gitum,editorial review (3rd edition)
2026-10-04 02:08,300-review.json,gibleed-0090,chapter,gibleed,gitum,editorial review (3rd edition)
2026-10-04 02:08,300-review.json,gibleed-0091,chapter,gibleed,gitum,editorial review (3rd edition)
2026-10-04 02:08,300-review.json,gibleed-0092,chapter,gibleed,gitum,editorial review (3rd edition)
2026-10-04 02:08,300-review.json,gibleed-0093,chapter,gibleed,gitum,editorial review (3rd edition)
2026-10-04 02:08,300-review.json,gibleed-0094,chapter,gibleed,gitum,editorial review (3rd edition)
2026-10-04 02:08,300-review.json,gibleed-0095,chapter,gibleed,gitum,editorial review (3rd edition)
2026-10-04 02:08,300-review.json,gibleed-0096,chapter,gibleed,gitum,editorial review (3rd edition)
2026-10-04 02:08,300-review.json,gibleed-0097,chapter,gibleed,gitum,editorial review (3rd edition)
2026-10-04 02:08,300-review.json,gibleed-0098,chapter,gibleed,gitum,editorial review (3rd edition)
2026-10-04 02:08,300-review.json,gibleed-0099,chapter,gibleed,gitum,editorial review (3rd edition)
2026-10-04 02:08,300-review.json,gibleed-0100,chapter,gibleed,gitum,editorial review (3rd edition)
2026-10-04 02:08,300-review.json,gibleed-0101,chapter,gibleed,gitum,editorial review (3rd edition)
2026-10-04 02:08,300-review.json,gibleed-0102,chapter,gibleed,gitum,editorial review (3rd edition)
2026-10-04 02:08,300-review.json,gibleed-0103,chapter,gibleed,gitum,editorial review (3rd edition)
2026-10-04 02:08,300-review.json,gibleed-0104,chapter,gibleed,gitum,editorial review (3rd edition)
2026-10-04 02:08,300-review.json,gibleed-0105,explanation,Low rectal tumours within 8 cm of the anus often require APR and permanent colostomy.,(rewritten),editorial review (3rd edition)
2026-10-04 02:08,300-review.json,gibleed-0105,chapter,gibleed,gitum,editorial review (3rd edition)
2026-10-04 02:08,300-review.json,gibleed-0106,chapter,gibleed,gitum,editorial review (3rd edition)
2026-10-04 02:08,300-review.json,gibleed-0107,chapter,gibleed,gitum,editorial review (3rd edition)
2026-10-04 02:08,300-review.json,gibleed-0108,chapter,gibleed,gitum,editorial review (3rd edition)
2026-10-04 02:08,300-review.json,gibleed-0109,chapter,gibleed,gitum,editorial review (3rd edition)
2026-10-04 02:08,300-review.json,gibleed-0110,explanation,This lady most likely has a multiple adenomatous polyp syndrome. Juvenile polyps are mucinous and not adenomatous although may be diagnosed in young adults. Similarly the polyps of Peutz–Jeghers syndrome are hamartomatous with a characteristic proliferation of smooth muscle in their core. Both these syndromes can increase the risk of colorectal carcinoma. Lynch syndrome is the name for heredita...,(rewritten),editorial review (3rd edition)
2026-10-04 02:08,300-review.json,gibleed-0110,chapter,gibleed,gitum,editorial review (3rd edition)
2026-10-04 02:08,300-review.json,gibleed-0111,explanation,This is a colonic carcinoma; the centre is ulcerated and bleeding freely. The biopsies should confirm the diagnosis. The main issues are (1) to assess for the presence of distant disease and (2) to assess if the primary could be surgically removed. The most likely organs for colorectal cancer to metastasize to are the liver and lungs. Liver ultrasound may be used to evaluate abnormalities seen ...,(rewritten),editorial review (3rd edition)
2026-10-04 02:08,300-review.json,gibleed-0111,chapter,gibleed,gitum,editorial review (3rd edition)
2026-10-04 02:08,300-review.json,gibleed-0112,explanation,"Adenocarcinoma is by far the commonest malignancy of the oesophagus and typically occurs in the lower half, although it is now the most common diagnosis for a malignant tumour below the cricopharyngeus muscle having exceeded squamous carcinoma in incidence. Lipomas rarely occur in the oesophagus since there is little submucosal tissue (unlike the small bowel and colon where they are not uncommo...",(rewritten),editorial review (3rd edition)
2026-10-04 02:08,300-review.json,gibleed-0112,chapter,gibleed,gitum,editorial review (3rd edition)
2026-10-04 02:08,300-review.json,gibleed-0113,explanation,"Gastric adenocarcinoma is associated with blood group A. Other risk factors include a high smoking exposure history, a diet rich in nitrosamines (e.g. raw fish consumption), and chronic atrophic gastritis.",(rewritten),editorial review (3rd edition)
2026-10-04 02:08,300-review.json,gibleed-0113,chapter,gibleed,gitum,editorial review (3rd edition)
2026-10-04 02:08,300-review.json,gibleed-0114,chapter,gibleed,gitum,editorial review (3rd edition)
2026-10-04 02:08,300-review.json,gibleed-0115,chapter,gibleed,gitum,editorial review (3rd edition)
2026-10-04 02:08,300-review.json,gibleed-0116,chapter,gibleed,gitum,editorial review (3rd edition)
2026-10-04 02:08,300-review.json,gibleed-0117,chapter,gibleed,gitum,editorial review (3rd edition)
2026-10-04 02:08,300-review.json,gibleed-0118,chapter,gibleed,gitum,editorial review (3rd edition)
2026-10-04 02:08,300-review.json,gibleed-0119,chapter,gibleed,gitum,editorial review (3rd edition)
2026-10-04 02:08,300-review.json,gibleed-0120,chapter,gibleed,gitum,editorial review (3rd edition)
2026-10-04 02:08,300-review.json,gibleed-0121,chapter,gibleed,liver,editorial review (3rd edition)
2026-10-04 02:08,300-review.json,gibleed-0122,chapter,gibleed,gitum,editorial review (3rd edition)
2026-10-04 02:08,300-review.json,gibleed-0123,chapter,gibleed,gb,editorial review (3rd edition)
2026-10-04 02:08,300-review.json,gibleed-0124,chapter,gibleed,gitum,editorial review (3rd edition)
2026-10-04 02:08,300-review.json,gibleed-0125,chapter,gibleed,gitum,editorial review (3rd edition)
2026-10-04 02:08,300-review.json,gibleed-0126,chapter,gibleed,gitum,editorial review (3rd edition)
2026-10-04 02:08,300-review.json,gibleed-0127,stem,A 60-year-old woman with recurrent squamous cell carcinoma of the anus after chemoradiation.,A 60-year-old woman has recurrent squamous cell carcinoma of the anus after chemoradiation. Which operation is most appropriate?,editorial review (3rd edition)
2026-10-04 02:08,300-review.json,gibleed-0127,chapter,gibleed,gitum,editorial review (3rd edition)
2026-10-04 02:08,300-review.json,gibleed-0128,stem,A 68-year-old woman with fecal incontinence who presents with a large fixed adenocarcinoma 3 cm from the anal verge.,A 68-year-old woman with faecal incontinence has a large fixed adenocarcinoma 3 cm from the anal verge. Which operation is most appropriate?,editorial review (3rd edition)
2026-10-04 02:08,300-review.json,gibleed-0128,chapter,gibleed,gitum,editorial review (3rd edition)
2026-10-04 02:08,300-review.json,gibleed-0129,explanation,"The provided answer indicates that “diagnostic laparoscopy with peritoneal washings” is the best method of staging the peritoneum for gastric cancer, thus making option E the correct selection.",(rewritten),editorial review (3rd edition)
2026-10-04 02:08,300-review.json,gibleed-0129,chapter,gibleed,gitum,editorial review (3rd edition)
2026-10-04 02:08,300-review.json,gibleed-0130,explanation,"The answer clearly states that “a 5-cm resection margin is needed for colon cancer,” which corresponds exactly with option D.",(rewritten),editorial review (3rd edition)
2026-10-04 02:08,300-review.json,gibleed-0130,chapter,gibleed,gitum,editorial review (3rd edition)
2026-10-04 02:08,300-review.json,gibleed-0131,chapter,gibleed,endo,editorial review (3rd edition)
2026-10-04 02:08,300-review.json,gibleed-0132,chapter,gibleed,endo,editorial review (3rd edition)
2026-10-04 02:08,300-review.json,gibleed-0133,chapter,gibleed,adrenal,editorial review (3rd edition)
2026-10-04 02:08,300-review.json,gibleed-0134,chapter,gibleed,endo,editorial review (3rd edition)
2026-10-04 02:08,300-review.json,gibleed-0135,stem,A 68-year-old male was referred with a change in bowel habit. Colonoscopy confirmed colorectal adenocarcinoma resected with spread into the muscle layer but no lymph nodes. What Dukes stage is this?,A 68-year-old man had a colorectal adenocarcinoma resected; histology shows spread through the muscle layer into the pericolic fat but no lymph-node involvement. What Dukes stage is this?,editorial review (3rd edition)
2026-10-04 02:08,300-review.json,gibleed-0135,explanation,Tumor through muscle layer but no nodal involvement.,(rewritten),editorial review (3rd edition)
2026-10-04 02:08,300-review.json,gibleed-0135,chapter,gibleed,gitum,editorial review (3rd edition)
2026-10-04 02:08,300-review.json,gibleed-0136,chapter,gibleed,gitum,editorial review (3rd edition)
2026-10-04 02:08,300-review.json,gibleed-0137,chapter,gibleed,gitum,editorial review (3rd edition)
2026-10-04 02:08,300-review.json,gibleed-0138,chapter,gibleed,gitum,editorial review (3rd edition)
2026-10-04 02:08,300-review.json,gibleed-0139,chapter,gibleed,liver,editorial review (3rd edition)
2026-10-04 02:08,300-review.json,gibleed-0140,chapter,gibleed,panc,editorial review (3rd edition)
2026-10-04 02:08,300-review.json,gibleed-0141,answer,B,A,editorial review (3rd edition)
2026-10-04 02:08,300-review.json,gibleed-0141,explanation,Tumour into or through muscle but no nodal involvement.,(rewritten),editorial review (3rd edition)
2026-10-04 02:08,300-review.json,gibleed-0141,chapter,gibleed,gitum,editorial review (3rd edition)
2026-10-04 02:08,300-review.json,gitemq-0003#3,answer,J,H,editorial review (3rd edition)
2026-10-04 02:08,300-review.json,gitemq-0005#2,answer,F,A,editorial review (3rd edition)
2026-10-04 02:08,300-review.json,gitemq-0010,options,"[""Acute appendicitis"", ""Acute cholangitis"", ""Acute enterocolitis"", ""Acute hepatitis"", ""Acute hepatitis"", ""Acute intestinal obstruction"", ""Acute pancreatitis"", ""Herpes zoster"", ""Mesenteric ischemia"", ""Perforated viscus""]","[""Acute appendicitis"", ""Acute cholangitis"", ""Acute enterocolitis"", ""Acute hepatitis"", ""Acute gastritis"", ""Acute intestinal obstruction"", ""Acute pancreatitis"", ""Herpes zoster"", ""Mesenteric ischemia"", ""Perforated viscus""]",editorial review (3rd edition)
2026-10-04 02:08,300-review.json,gitemq-0012,options,"[""2nd generation cephalosporins"", ""Cloxacillin"", ""Direct-acting antivirals (DAAs)"", ""Linezolid"", ""Meropenem"", ""Metronidazole"", ""Metronidazole"", ""Tigecycline""]","[""2nd generation cephalosporins"", ""Cloxacillin"", ""Direct-acting antivirals (DAAs)"", ""Linezolid"", ""Meropenem"", ""Metronidazole"", ""Vancomycin"", ""Tigecycline""]",editorial review (3rd edition)
2026-10-04 02:08,300-review.json,gitemq-0012,theme,,Antimicrobial therapy in surgery,editorial review (3rd edition)
2026-10-04 02:08,300-review.json,gitemq-0012#3,answer,G,F,editorial review (3rd edition)
2026-10-04 02:08,300-review.json,gitemq-0014,options,"[""Acute appendicitis"", ""Acute cholangitis"", ""Acute cholecystitis"", ""Acute enterocolitis"", ""Acute gastritis"", ""Acute hepatitis"", ""Acute intestinal obstruction"", ""Acute lobar pneumonia"", ""Acute myocardial infarction"", ""Acute pancreatitis"", ""Diabetic ketoacidosis"", ""Herpes Zoster""]","[""Acute appendicitis"", ""Acute cholangitis"", ""Acute cholecystitis"", ""Acute enterocolitis"", ""Acute gastritis"", ""Acute hepatitis"", ""Acute intestinal obstruction"", ""Acute lobar pneumonia"", ""Acute myocardial infarction"", ""Acute pancreatitis"", ""Diabetic ketoacidosis"", ""Herpes zoster"", ""Perforated viscus"", ""Mesenteric ischaemia""]",editorial review (3rd edition)
2026-10-04 02:08,300-review.json,gitemq-0014,option_letters,"[""A"", ""B"", ""C"", ""D"", ""E"", ""F"", ""G"", ""H"", ""I"", ""J"", ""K"", ""L""]","[""A"", ""B"", ""C"", ""D"", ""E"", ""F"", ""G"", ""H"", ""I"", ""J"", ""K"", ""L"", ""M"", ""N""]",editorial review (3rd edition)
2026-10-04 02:08,300-review.json,gitemq-0014#8,answer,,M,editorial review (3rd edition)
2026-10-04 02:08,300-review.json,gitemq-0014#9,answer,,N,editorial review (3rd edition)
2026-10-04 02:08,300-review.json,gitemq-0015,options,"[""24-hour pH monitoring"", ""Barium swallow"", ""CT scan abdomen and pelvis with IV contrast"", ""Colonoscopy"", ""Colonoscopy"", ""Colonoscopy"", ""Colonoscopy"", ""ERCP"", ""EUS"", ""OGD"", ""PET Scan"", ""PTC""]","[""24-hour pH monitoring"", ""Barium swallow"", ""CT abdomen and pelvis with IV contrast"", ""Colonoscopy"", ""Flexible sigmoidoscopy"", ""Surveillance colonoscopy with biopsies"", ""CT angiography"", ""ERCP"", ""EUS"", ""OGD"", ""PET scan"", ""PTC""]",editorial review (3rd edition)
2026-10-04 02:08,300-review.json,gitemq-0015#4,answer,D,G,editorial review (3rd edition)
2026-10-04 02:08,300-review.json,gitemq-0015#8,answer,E,D,editorial review (3rd edition)
2026-10-04 02:08,300-review.json,gitemq-0019,theme,,Tests for Helicobacter pylori,editorial review (3rd edition)
2026-10-04 02:08,300-review.json,gitemq-0020#4,answer,C,B,editorial review (3rd edition)
2026-10-04 02:08,300-review.json,gitemq-0021,options,"[""Hepatic"", ""Hepatic"", ""Post-hepatic"", ""Pre-hepatic""]","[""Hepatic (hepatocellular)"", ""Hepatic (intrahepatic cholestasis)"", ""Post-hepatic"", ""Pre-hepatic""]",editorial review (3rd edition)
2026-10-04 02:08,300-review.json,gitemq-0021#4,answer,A,B,editorial review (3rd edition)
2026-10-04 02:08,300-review.json,gitemq-0022,options,"[""Amoxicillin/clavunate"", ""Ampicillin/sulbactam"", ""Cefotaxime"", ""Ceftazidime"", ""Ceftriaxone"", ""Cefuroxime"", ""Ertapenem"", ""Interferon"", ""Levofloxacin + metronidazole"", ""Levofloxacin+ amoxicillin"", ""None"", ""Rifampicin""]","[""Amoxicillin/clavunate"", ""Ampicillin/sulbactam"", ""Cefotaxime"", ""Ceftazidime"", ""Ceftriaxone"", ""Cefoxitin"", ""Ertapenem"", ""Direct-acting antivirals"", ""Levofloxacin + metronidazole"", ""Levofloxacin+ amoxicillin"", ""None"", ""Rifampicin""]",editorial review (3rd edition)
2026-10-04 02:08,300-review.json,gitemq-0026#1,answer,H,G,editorial review (3rd edition)
2026-10-04 02:08,300-review.json,gitemq-0026#2,answer,G,H,editorial review (3rd edition)
2026-10-04 02:08,300-review.json,gitemq-0026#4,answer,I,J,editorial review (3rd edition)
2026-10-04 02:08,300-review.json,gitemq-0026#7,answer,A,B,editorial review (3rd edition)
2026-10-04 02:08,300-review.json,gitemq-0026#8,answer,B,A,editorial review (3rd edition)
2026-10-04 02:08,300-review.json,gitemq-0026#9,answer,J,D,editorial review (3rd edition)
2026-10-04 02:08,300-review.json,gitemq-0026#10,answer,D,I,editorial review (3rd edition)
2026-10-04 02:08,300-review.json,gitemq-0030#3,answer,D,A,editorial review (3rd edition)
2026-10-04 02:08,300-review.json,gitemq-0030#4,answer,A,C,editorial review (3rd edition)
2026-10-04 02:08,300-review.json,gitemq-0031#1,answer,D,E,editorial review (3rd edition)
2026-10-04 02:08,300-review.json,gitemq-0031#2,answer,E,F,editorial review (3rd edition)
2026-10-04 02:08,300-review.json,gitemq-0031#4,answer,F,A,editorial review (3rd edition)
2026-10-04 02:08,300-review.json,gitemq-0031#5,answer,A,B,editorial review (3rd edition)
2026-10-04 02:08,300-review.json,gitemq-0035#1,answer,F,D,editorial review (3rd edition)
2026-10-04 02:08,300-review.json,gitemq-0035#2,answer,G,K,editorial review (3rd edition)
2026-10-04 02:08,300-review.json,gitemq-0035#3,answer,D,J,editorial review (3rd edition)
2026-10-04 02:08,300-review.json,gitemq-0035#4,answer,A,C,editorial review (3rd edition)
2026-10-04 02:08,300-review.json,gitemq-0035#5,answer,O,N,editorial review (3rd edition)
2026-10-04 02:08,300-review.json,gitemq-0035#6,answer,N,A,editorial review (3rd edition)
2026-10-04 02:08,300-review.json,gitemq-0035#7,answer,K,B,editorial review (3rd edition)
2026-10-04 02:08,300-review.json,gitemq-0035#8,answer,L,O,editorial review (3rd edition)
2026-10-04 02:08,300-review.json,gitemq-0035#9,answer,J,L,editorial review (3rd edition)
2026-10-04 02:08,300-review.json,gitemq-0035#10,answer,C,I,editorial review (3rd edition)
2026-10-04 02:08,300-review.json,gitemq-0035#11,answer,B,G,editorial review (3rd edition)
2026-10-04 02:08,300-review.json,gitemq-0035#12,answer,I,H,editorial review (3rd edition)
2026-10-04 02:08,300-review.json,gitemq-0035#14,answer,E,F,editorial review (3rd edition)
2026-10-04 02:08,300-review.json,gitemq-0035#15,answer,H,E,editorial review (3rd edition)
2026-10-04 02:08,300-review.json,gitemq-0036#5,stem,"A 50-year-old man with a history of epigastric pain presents with constant severe generalized abdominal pain. On examination he is distressed and has a rigid abdomen. Pulse is 110/min, BP 100/60 mmHg.“","A 50-year-old man with a history of epigastric pain presents with constant, severe, generalised abdominal pain. He is distressed with a rigid abdomen; pulse 110/min, BP 100/60 mmHg.",editorial review (3rd edition)
2026-10-04 02:08,300-review.json,gitemq-0037#3,stem,"A 35-year-old man presents with weight loss, diarrhoea, abdominal pain and aphthous mouth ulcers; a mass is palpable in the right Blood tests reveal low serum B12 and folate. “iliac fossa.","A 35-year-old man has weight loss, diarrhoea, abdominal pain and aphthous mouth ulcers; a mass is palpable in the right iliac fossa. Blood tests show low serum B12 and folate.",editorial review (3rd edition)
2026-10-04 02:08,300-review.json,gitemq-0037#4,stem,"A 72-year-old man with a history of constipation presents with increased temperature, diarrhoea and left iliac fossa pain. On examination there is tenderness in the left iliac fossa.“","A 72-year-old man with a history of constipation has fever, diarrhoea and left iliac fossa pain, with tenderness in the left iliac fossa.",editorial review (3rd edition)
2026-10-04 02:08,300-review.json,gitemq-0041#2,stem,A 6 A 69-year-old man is brought to A&E with an acute abdomen. He is resuscitated and then taken to theatre for explorative laparotomy. He is found to have a perforated sigmoid colon secondary to a mass with malignant features.,"A 69-year-old man is brought to A&E with an acute abdomen. After resuscitation, laparotomy shows a perforated sigmoid colon secondary to a malignant-looking mass.",editorial review (3rd edition)
2026-10-04 02:08,300-review.json,gitemq-0042#2,stem,"A 65-year-old man presents with weight loss, diarrhoea, and He has noticed blood mixed in with stools..",A 65-year-old man has weight loss and diarrhoea and has noticed blood mixed in with his stools.,editorial review (3rd edition)
2026-10-04 02:08,300-review.json,gitemq-0042#4,stem,A 65-year-old man with a history of diverticular disease is admitted with suspected diverticulitis He has been treated with antibiotics and intravenous fluids but is not improving after 24 hours.“,A 65-year-old man with diverticular disease is admitted with suspected diverticulitis and is not improving after 24 hours of antibiotics and intravenous fluids.,editorial review (3rd edition)
2026-10-04 02:08,300-review.json,gitemq-0043#1,stem,"A 54-year-old woman presents to A&E with a 48-hour history of colicky abdominal pain, vomiting and abdominal distension. Basic observations on arrival are: pulse 120/min, BP 100/75 mmHg, temperature 38°C. Abdominal examination reveals generalized tenderness, with a firm, tender, 3 ! 4 cm swelling in the right groin. Bowel sounds are absent.","A 54-year-old woman has a 48-hour history of colicky abdominal pain, vomiting and distension. Pulse 120/min, BP 100/75 mmHg, temperature 38 °C. There is generalised tenderness with a firm, tender 3 × 4 cm swelling in the right groin; bowel sounds are absent.",editorial review (3rd edition)
2026-10-04 02:08,300-review.json,gitemq-0043#4,stem,"A 23-year-old man with a 6-month history of weight loss, anorexia, recurrent abdominal pain after eating, and diarrhoea presents to A&E. The pain is colicky associated with vomiting, absolute constipation, and abdominal distension over the past 3 days. Basic observations on arrival are: pulse 120/min, BP 89/56 mmHg, temperature 38.2°C. He is tender in the central abdominal region without guardi...","A 23-year-old man with 6 months of weight loss, anorexia, postprandial abdominal pain and diarrhoea now has colicky pain, vomiting, absolute constipation and distension for 3 days. Pulse 120/min, BP 89/56 mmHg, temperature 38.2 °C; central tenderness without guarding. Hb 10.1 g/dL, WCC 18.0 × 10⁹/L, CRP 155, albumin 28.",editorial review (3rd edition)
2026-10-04 02:08,300-review.json,gitemq-0044,items,[],"[{""n"": 1, ""stem"": ""A 65-year-old man collapses in the street. He has an expansile, pulsatile abdominal mass above the umbilicus."", ""answer"": ""K"", ""explanation"": ""Collapse with an expansile pulsatile mass above the umbilicus is a (leaking) abdominal aortic aneurysm."", ""images"": []}, {""n"": 2, ""stem"": ""A 75-year-old man with 3 months of dyspepsia has weight loss and abdominal distension. There is ...",editorial review (3rd edition)
2026-10-04 02:08,300-review.json,gitemq-0046,DELETED,,,empty placeholder theme (no options or questions in the source)
2026-10-04 02:08,300-review.json,gitemq-0050,DELETED,,,duplicate of gitemq-0021 (gitemq2.tsv:77)
2026-10-04 02:08,300-review.json,gitemq-0058#3,stem,"A 44-year-old man, who has recently arrived in the country from Brazil, presents with a 5-month history of dysphagia for solids and liquids. He is otherwise fit and well, and examination demonstrates no other abnormality. A chest X-ray shows an air–”uid level behind the heart.",A 44-year-old man who has recently arrived from Brazil has a 5-month history of dysphagia for solids and liquids; he is otherwise well. A chest X-ray shows an air–fluid level behind the heart.,editorial review (3rd edition)
2026-10-04 02:08,300-review.json,gitemq-0058#5,stem,"A 42-year-old man presents with retrosterwnal pain and dysphagia. He is currently on a course of prednisolone for an exacerbation of inflammatory bowel disease. On examination, you notice multiple white lesions in his mouth that rub off easily.",A 42-year-old man taking prednisolone for an exacerbation of inflammatory bowel disease has retrosternal pain and dysphagia. There are multiple white plaques in his mouth that rub off easily.,editorial review (3rd edition)
2026-10-04 02:08,300-review.json,gitemq-0074,DELETED,,,duplicate of gitemq-0063 (same Get Ahead theme)
2026-10-04 02:08,300-review.json,gitemq-0076,options,"[""Ampulla of Vater""]","[""Ampulla of Vater"", ""Pancreatic duct"", ""Common bile duct"", ""Common hepatic duct"", ""Cystic duct"", ""Gallbladder""]",editorial review (3rd edition)
2026-10-04 02:08,300-review.json,gitemq-0076,option_letters,"[""A""]","[""A"", ""B"", ""C"", ""D"", ""E"", ""F""]",editorial review (3rd edition)
2026-10-04 02:08,300-review.json,gitemq-0079,options,"[""Duodenum"", ""Esophagus"", ""Gastric antrum"", ""Second part of the duodenum"", ""Gastroesophageal junction""]","[""Body of stomach"", ""Distal oesophagus / gastro-oesophageal junction"", ""Fundus of stomach"", ""Anterior wall of first part of duodenum"", ""Gastric antrum (pre-pyloric)"", ""Posterior wall of first part of duodenum"", ""Second part of the duodenum""]",editorial review (3rd edition)
2026-10-04 02:08,300-review.json,gitemq-0079,option_letters,"[""A"", ""B"", ""C"", ""D"", ""E""]","[""A"", ""B"", ""C"", ""D"", ""E"", ""F"", ""G""]",editorial review (3rd edition)
2026-10-04 02:08,300-review.json,paed-0001,DELETED,,,duplicate of intest-0001 (r_paed_acute.tsv:1)
2026-10-04 02:08,300-review.json,paed-0002,DELETED,,,duplicate of intest-0002 (r_paed_acute.tsv:2)
2026-10-04 02:08,300-review.json,paed-0003,explanation,"Infants’ ribs are oriented horizontally requiring greater diaphragmatic excursion, which makes fractures uncommon; moreover, their intra-abdominal liver and bladder, large head, and distinct airway anatomy mandate special operative and anesthetic considerations.",(rewritten),editorial review (3rd edition)
2026-10-04 02:08,300-review.json,paed-0004,explanation,"While neonatal age‐definitions and head proportions are correct, infants have impaired gluconeogenesis that predisposes them to hypoglycaemia; additionally, the bladder is intra-abdominal due to a shallow pelvis.",(rewritten),editorial review (3rd edition)
2026-10-04 02:08,300-review.json,paed-0005,options,"[""Children are regarded as small adults, and therefore their surgical management is adjusted according to their size."", ""Attention to thermoregulation is very important."", ""Postoperative management requires extreme care because of an inadequate stress response.""]","[""Children are regarded as small adults, and therefore their surgical management is adjusted according to their size."", ""Attention to thermoregulation is very important."", ""Postoperative management requires extreme care because of an inadequate stress response."", ""Minimal access surgery (MAS) can be used at all ages.""]",editorial review (3rd edition)
2026-10-04 02:08,300-review.json,paed-0005,answer,BC,BCD,editorial review (3rd edition)
2026-10-04 02:08,300-review.json,paed-0005,explanation,"E. Minimal access surgery (MAS) can be used at all ages. Children have immature thermoregulatory and stress responses, so meticulous postoperative care is essential; MAS is feasible provided equipment is appropriately adapted.",(rewritten),editorial review (3rd edition)
2026-10-04 02:08,300-review.json,paed-0006,stem,E. Minimal access surgery (MAS) can be used at all ages. Which of the following statements regarding paediatric trauma are true?,Which of the following statements regarding paediatric trauma are true?,editorial review (3rd edition)
2026-10-04 02:08,300-review.json,paed-0007,explanation,"In children, inguinal hernias are nearly always indirect due to a patent processus vaginalis and congenital hydroceles are generally managed conservatively.",(rewritten),editorial review (3rd edition)
2026-10-04 02:08,300-review.json,paed-0008,options,"[""Orchidopexy in a subdartos pouch is the treatment of choice."", ""The operation is recommended at the age of 2 years."", ""When a testis is impalpable and therefore intra-abdominal, laparotomy should be done."", ""Laparoscopy is the gold standard procedure for an intra-abdominal testis."", ""Orchidopexy reduces the chance of malignancy.""]","[""Orchidopexy in a subdartos pouch is the treatment of choice."", ""The operation is recommended at 6–18 months of age."", ""When a testis is impalpable and therefore intra-abdominal, laparotomy should be done."", ""Laparoscopy is the gold standard procedure for an intra-abdominal testis."", ""Orchidopexy reduces the chance of malignancy.""]",editorial review (3rd edition)
2026-10-04 02:08,300-review.json,paed-0008,explanation,"Orchidopexy before the age of 2 is standard for palpable undescended testis, with laparoscopy favored for non-palpable cases; note it does not lower malignancy risk.",(rewritten),editorial review (3rd edition)
2026-10-04 02:08,300-review.json,paed-0009,explanation,"Acute scrotal pain in children is most often due to torsion or epididymitis; since ultrasound may delay diagnosis and incarcerated hernia can mimic these symptoms, prompt exploration is indicated when uncertainty exists.",(rewritten),editorial review (3rd edition)
2026-10-04 02:08,300-review.json,paed-0011,options,"[""(A) viral gastroenteritis"", ""(B) gastroesophageal reflux"", ""(C) urinary tract sepsis"", ""(D) pyloric stenosis"", ""(E) milk protein allergy""]","[""Viral gastroenteritis"", ""Gastro-oesophageal reflux"", ""Urinary tract sepsis"", ""Pyloric stenosis"", ""Milk protein allergy""]",editorial review (3rd edition)
2026-10-04 02:08,300-review.json,paed-0011,explanation,pyloric stenosis Progressive projectile nonbilious vomiting in weeks-old infant suggests hypertrophic pyloric stenosis.,(rewritten),editorial review (3rd edition)
2026-10-04 02:08,300-review.json,paed-0012,options,"[""(A) abdominal ultrasound"", ""(B) careful clinical examination with palpation of an epigastric mass"", ""(C) UGI contrast study"", ""(D) surgical exploration"", ""(E) endoscopy""]","[""Abdominal ultrasound"", ""Careful clinical examination with palpation of an epigastric mass"", ""Upper GI contrast study"", ""Surgical exploration"", ""Endoscopy""]",editorial review (3rd edition)
2026-10-04 02:08,300-review.json,paed-0012,explanation,"abdominal ultrasound Ultrasound is the best, least invasive test to document the thickened pyloric channel.",(rewritten),editorial review (3rd edition)
2026-10-04 02:08,300-review.json,paed-0013,options,"[""(A) Na 145, K 3.0, Cl 110, CO2 17, urine pH 8.0"", ""(B) Na 130, K 3.0, Cl 80, CO2 36, urine pH 4.0"", ""(C) Na 135, K 4.0, Cl 104, CO2 23, urine pH 7.0"", ""(D) Na 140, K 5.2, Cl 100, CO2 16, urine pH 4.0"", ""(E) Na 132, K 3.2, Cl 96, CO2 25, urine pH 7.0""]","[""Na 145, K 3.0, Cl 110, CO2 17, urine pH 8.0"", ""Na 130, K 3.0, Cl 80, CO2 36, urine pH 4.0"", ""Na 135, K 4.0, Cl 104, CO2 23, urine pH 7.0"", ""Na 140, K 5.2, Cl 100, CO2 16, urine pH 4.0"", ""Na 132, K 3.2, Cl 96, CO2 25, urine pH 7.0""]",editorial review (3rd edition)
2026-10-04 02:08,300-review.json,paed-0013,explanation,"Na 130, K 3.0, Cl 80, CO2 36, urine pH 4.0 Hypochloremic, hypokalemic metabolic alkalosis with paradoxical aciduria is classic.",(rewritten),editorial review (3rd edition)
2026-10-04 02:08,300-review.json,paed-0014,options,"[""(A) immediate surgical exploration"", ""(B) send the child home with an oral electrolyte rehydration solution"", ""(C) change the infant’s formula and feeding regimen"", ""(D) IV fluid resuscitation, followed by surgical intervention"", ""(E) initiate therapy with a prokinetic agent""]","[""Immediate surgical exploration"", ""Send the child home with an oral electrolyte rehydration solution"", ""Change the infant’s formula and feeding regimen"", ""IV fluid resuscitation, followed by surgical intervention"", ""Initiate therapy with a prokinetic agent""]",editorial review (3rd edition)
2026-10-04 02:08,300-review.json,paed-0014,explanation,"IV fluid resuscitation, followed by surgical intervention Correction of dehydration and electrolyte abnormalities before pyloromyotomy.",(rewritten),editorial review (3rd edition)
2026-10-04 02:08,300-review.json,paed-0015,DELETED,,,duplicate of intest-0137 (r_paed_acute.tsv:21)
2026-10-04 02:08,300-review.json,paed-0016,DELETED,,,duplicate of intest-0138 (r_paed_acute.tsv:22)
2026-10-04 02:08,300-review.json,paed-0017,options,"[""(A) anorectal malformation"", ""(B) esophageal atresia"", ""(C) Hirschsprung’s disease"", ""(D) pyloric stenosis"", ""(E) jejunal atresia""]","[""Anorectal malformation"", ""Oesophageal atresia"", ""Hirschsprung’s disease"", ""Pyloric stenosis"", ""Jejunal atresia""]",editorial review (3rd edition)
2026-10-04 02:08,300-review.json,paed-0017,explanation,jejunal atresia The contrast enema showing a microcolon is typical for jejunal atresia.,(rewritten),editorial review (3rd edition)
2026-10-04 02:08,300-review.json,paed-0020,images,"[""pic/EMBEDDED""]",[],editorial review (3rd edition)
2026-10-04 02:08,300-review.json,paed-0021,DELETED,,,duplicate of intest-0147 (r_paed_acute.tsv:25)
2026-10-04 02:08,300-review.json,paed-0023,DELETED,,,duplicate of intest-0175 (r_paed_acute.tsv:26)
2026-10-04 02:08,300-review.json,paed-0025,DELETED,,,duplicate of intest-0184 (r_paed_acute.tsv:27)
2026-10-04 02:08,300-review.json,paed-0029,explanation,"Hypertrophy of the pylorus can cause a gastric outlet obstruction leading to persistent projectile vomiting. This usually becomes apparent in the first 2 months of life. The vomit is high in potassium and chloride and the child may develop hypochloraemic alkalosis. A nasogastric tube will be very difficult to insert and will do nothing to correct any underlying electrolyte imbalances, neither w...",(rewritten),editorial review (3rd edition)
2026-10-04 02:08,300-review.json,paed-0030,DELETED,,,duplicate of intest-0204 (r_paed_acute.tsv:29)
2026-10-04 02:08,300-review.json,paed-0049,DELETED,,,duplicate of intest-0232 (r_paed_acute.tsv:30)
2026-10-04 02:08,300-review.json,paed-0050,DELETED,,,duplicate of stom-0040 (r_paed_acute.tsv:31)
2026-10-04 02:08,300-review.json,paedemq-0002#2,stem,"Kerry, a 5-year-old girl, has been brought in by her parents with generalised abdominal pain, which has been recurrent over 6 months or so. On this occasion she looks ill, out of sorts and anorexic, and she has been vomiting. She has marked urinary frequency. On examination she has a temperature of 100°C, looks toxic, listless and dehydrated and has generalised abdominal and bilateral loin tend...","Kerry, a 5-year-old girl, has been brought in by her parents with generalised abdominal pain, which has been recurrent over 6 months or so. On this occasion she looks ill, out of sorts and anorexic, and she has been vomiting. She has marked urinary frequency. On examination she has a temperature of 38°C, looks toxic, listless and dehydrated and has generalised abdominal and bilateral loin tende...",editorial review (3rd edition)
2026-10-04 02:08,300-review.json,paedemq-0005,DELETED,,,duplicate of gitemq-0042 (r_paed_acute.tsv:50)
2026-10-04 02:08,300-review.json,paedemq-0006#5,answer,,C,editorial review (3rd edition)
2026-10-04 02:08,300-review.json,paedemq-0007#3,stem,A baby is born with its liver and some small intestine herniating through a defect in the anterior abdominal wall adjacent to the umbilicus.,"A baby is born with loops of small intestine, not covered by any membrane, herniating through a defect in the anterior abdominal wall just to the right of the umbilicus.",editorial review (3rd edition)
2026-10-04 02:08,300-review.json,paedemq-0007#5,answer,,G,editorial review (3rd edition)
2026-10-04 02:08,300-review.json,acute-0002,explanation,"Grade III liver injury: A 6 cm deep capsular laceration exceeds the 3 cm threshold of AAST Grade II, thus meeting criteria for Grade III (moderate parenchymal disruption) requiring careful observation; In splenic injury with a tear confined to the capsule and in a hemodynamically stable patient, non‐operative management (with cross–match, ICU monitoring, serial CT imaging) is preferred, so expl...",(rewritten),editorial review (3rd edition)
2026-10-04 02:08,300-review.json,acute-0002,chapter,acute,trauma,editorial review (3rd edition)
2026-10-04 02:08,300-review.json,acute-0003,stem,"A 35-year-old man is involved in a motor vehicle collision where he was thrown against the steering column. He sustains a blunt trauma injury to his left upper abdomen. On arrival at the emergency department, he complains of abdominal pain, but is haemodynamically stable. Computed tomography (CT) scanning shows a splenic tear and a retained a small intra-abdominal hematoma; the tear extends thr...","A 35-year-old man is involved in a motor vehicle collision in which he was thrown against the steering column, sustaining blunt trauma to his left upper abdomen. On arrival at the emergency department he complains of abdominal pain but is haemodynamically stable. CT shows a splenic tear with a small intra-abdominal haematoma; the tear extends through the splenic capsule but not to the hilum. Wh...",editorial review (3rd edition)
2026-10-04 02:08,300-review.json,acute-0003,options,"[""Cross-match, group and save."", ""Pneumococcal vaccine."", ""Explorative laparotomy."", ""Serial CT scanning."", ""24-hour monitoring in ICU.""]","[""Cross-match, group and save."", ""Serial haemoglobin measurement and abdominal examination."", ""Explorative laparotomy."", ""Serial CT scanning."", ""24-hour monitoring in ICU.""]",editorial review (3rd edition)
2026-10-04 02:08,300-review.json,acute-0003,explanation,"Explorative laparotomy is least indicated because the patient is hemodynamically stable with a low‐grade splenic injury (capsular tear without hilar involvement), making nonoperative management with ICU monitoring, serial CT scanning, and blood cross‐match more appropriate; anatomically, an intact splenic hilum lowers the risk of major hemorrhage, and pneumococcal vaccine may be planned if sple...",(rewritten),editorial review (3rd edition)
2026-10-04 02:08,300-review.json,acute-0003,chapter,acute,trauma,editorial review (3rd edition)
2026-10-04 02:08,300-review.json,acute-0004,stem,Regarding to Imaging in the acute abdomen The following statements are true except:,"Regarding imaging in the acute abdomen, all of the following statements are true except:",editorial review (3rd edition)
2026-10-04 02:08,300-review.json,acute-0005,stem,Regarding to Examination of the abdomen Which of the following statements are true?,"Regarding examination of the abdomen, which of the following statements are true?",editorial review (3rd edition)
2026-10-04 02:08,300-review.json,acute-0005,options,"[""Abdominal examination must always be preceded by general examination."", ""Abdominal discoloration at specific sites denotes underlying serious pathology."", ""Free movement of abdominal wall on respiration excludes peritonitis."", ""Rebound tenderness is best tested by gentle percussion."", ""An intra-abdominal lump becomes prominent when the patient tenses the abdomen or lifts the head from the bed...","[""Abdominal examination must always be preceded by general examination."", ""Abdominal discoloration at specific sites denotes underlying serious pathology."", ""Free movement of the abdominal wall on respiration makes generalised peritonitis unlikely."", ""Rebound tenderness is best tested by gentle percussion."", ""An intra-abdominal lump becomes prominent when the patient tenses the abdomen or lifts...",editorial review (3rd edition)
2026-10-04 02:08,300-review.json,acute-0005,explanation,A thorough general examination and careful elicitation of signs (including discoloration and rebound tenderness) are essential; note that intra-abdominal masses often become less palpable when the abdomen is tensed.,(rewritten),editorial review (3rd edition)
2026-10-04 02:08,300-review.json,acute-0008,stem,About local and diffuse Peritonitis Which of the following statements are true?,"Regarding localised and diffuse peritonitis, which of the following statements are true?",editorial review (3rd edition)
2026-10-04 02:08,300-review.json,acute-0009,stem,About Peritonitis management Which of the following statements is not true?,"Regarding the management of peritonitis, which of the following statements is not true?",editorial review (3rd edition)
2026-10-04 02:08,300-review.json,acute-0010,stem,About Special forms of peritonitis The following statements are true except:,"Regarding special forms of peritonitis, all of the following statements are true except:",editorial review (3rd edition)
2026-10-04 02:08,300-review.json,acute-0011,stem,About Intraperitoneal abscess Which of the following statements are correct?,"Regarding intraperitoneal abscess, which of the following statements are correct?",editorial review (3rd edition)
2026-10-04 02:08,300-review.json,acute-0012,stem,About Ascites Which of the following statements are not true?,"Regarding ascites, which of the following statements are not true?",editorial review (3rd edition)
2026-10-04 02:08,300-review.json,acute-0013,stem,About Tumours of the peritoneum Which of the following statements are true?,"Regarding tumours of the peritoneum, which of the following statements are true?",editorial review (3rd edition)
2026-10-04 02:08,300-review.json,acute-0014,stem,About Adhesions The following statements are true except:,"Regarding adhesions, all of the following statements are true except:",editorial review (3rd edition)
2026-10-04 02:08,300-review.json,acute-0015,stem,About The omentum and mesentery Which of the following statements are true?,"Regarding the omentum and mesentery, which of the following statements are true?",editorial review (3rd edition)
2026-10-04 02:08,300-review.json,acute-0015,explanation,"Omental torsion is an acute emergency, mesenteric injury may result from seatbelts, and mesenteric adenitis can mimic appendicitis; mesenteric cysts are usually mobile and chylolymphatic cysts are most common.",(rewritten),editorial review (3rd edition)
2026-10-04 02:08,300-review.json,acute-0016,stem,About The retroperitoneal space Which of the following statements is not true?,"Regarding the retroperitoneal space, which of the following statements is not true?",editorial review (3rd edition)
2026-10-04 02:08,300-review.json,acute-0017,chapter,acute,liver,editorial review (3rd edition)
2026-10-04 02:08,300-review.json,acute-0018,chapter,acute,liver,editorial review (3rd edition)
2026-10-04 02:08,300-review.json,acute-0019,options,"[""Bilirubin 5–17 µmol/L"", ""Alkaline phosphatase (ALP) 135–240 IU/L"", ""Aspartate transaminase (AST) 55–80 IU/L"", ""Alanine transaminase (ALT) 110–148 IU/L"", ""Gamma-glutamyl transpeptidase (GGT) 4–110 IU/L""]","[""Bilirubin 5–17 µmol/L"", ""Alkaline phosphatase (ALP) 135–240 IU/L"", ""Aspartate transaminase (AST) 55–80 IU/L"", ""Alanine transaminase (ALT) 110–148 IU/L"", ""Gamma-glutamyl transpeptidase (GGT) 10–50 IU/L""]",editorial review (3rd edition)
2026-10-04 02:08,300-review.json,acute-0019,answer,CDE,BCD,editorial review (3rd edition)
2026-10-04 02:08,300-review.json,acute-0019,explanation,"Elevations in AST, ALT and GGT indicate hepatocellular injury; bilirubin and ALP remain normal or borderline.",(rewritten),editorial review (3rd edition)
2026-10-04 02:08,300-review.json,acute-0019,chapter,acute,liver,editorial review (3rd edition)
2026-10-04 02:08,300-review.json,acute-0020,stem,About Liver imaging Which of the following statements are true?,"Regarding liver imaging, which of the following statements are true?",editorial review (3rd edition)
2026-10-04 02:08,300-review.json,acute-0020,chapter,acute,liver,editorial review (3rd edition)
2026-10-04 02:08,300-review.json,acute-0021,stem,Regarding to Acute and chronic liver disease Which of the following statements are not true?,"Regarding acute and chronic liver disease, which of the following statements are not true?",editorial review (3rd edition)
2026-10-04 02:08,300-review.json,acute-0021,chapter,acute,liver,editorial review (3rd edition)
2026-10-04 02:08,300-review.json,acute-0022,stem,Regarding to Liver trauma Which of the following statements are not true?,"Regarding liver trauma, which of the following statements are not true?",editorial review (3rd edition)
2026-10-04 02:08,300-review.json,acute-0022,answer,AD,D,editorial review (3rd edition)
2026-10-04 02:08,300-review.json,acute-0022,explanation,Liver injuries are relatively uncommon due to their protected location and CECT is reserved for stable patients.,(rewritten),editorial review (3rd edition)
2026-10-04 02:08,300-review.json,acute-0022,chapter,acute,liver,editorial review (3rd edition)
2026-10-04 02:08,300-review.json,acute-0023,options,"[""Penetrating injuries should be explored."", ""Blunt injuries are usually treated conservatively."", ""Exploration for a liver injury is best done by a long midline incision."", ""Severe crush injury is ideally treated by packing."", ""Venovenous bypass should be considered in major liver vascular injury.""]","[""Penetrating injuries with haemodynamic instability or peritonitis should be explored."", ""Blunt injuries are usually treated conservatively."", ""Exploration for a liver injury is best done by a long midline incision."", ""Severe crush injury is ideally treated by packing."", ""Venovenous bypass should be considered in major liver vascular injury.""]",editorial review (3rd edition)
2026-10-04 02:08,300-review.json,acute-0023,answer,ABDE,ABCDE,editorial review (3rd edition)
2026-10-04 02:08,300-review.json,acute-0023,explanation,"Penetrating injuries require exploration, blunt injuries are managed conservatively, packing is standard for crush injuries, and venovenous bypass may be needed; a long midline incision is not optimal.",(rewritten),editorial review (3rd edition)
2026-10-04 02:08,300-review.json,acute-0023,chapter,acute,liver,editorial review (3rd edition)
2026-10-04 02:08,300-review.json,acute-0024,stem,About Portal hypertension The following statements are true except:,"Regarding portal hypertension, all of the following statements are true except:",editorial review (3rd edition)
2026-10-04 02:08,300-review.json,acute-0024,chapter,acute,liver,editorial review (3rd edition)
2026-10-04 02:08,300-review.json,acute-0025,options,"[""(A) abdominal CT scan"", ""(B) insertion of a Swan–Ganz catheter"", ""(C) exploratory laparotomy"", ""(D) focused abdominal sonography for trauma (FAST)"", ""(E) diagnostic peritoneal lavage""]","[""Abdominal CT scan"", ""Insertion of a Swan–Ganz catheter"", ""Exploratory laparotomy"", ""Focused assessment with sonography for trauma (FAST)"", ""Diagnostic peritoneal lavage""]",editorial review (3rd edition)
2026-10-04 02:08,300-review.json,acute-0025,explanation,exploratory laparotomy Likely intra-abdominal hemorrhage with hemodynamic instability; immediate laparotomy is indicated.,(rewritten),editorial review (3rd edition)
2026-10-04 02:08,300-review.json,acute-0025,chapter,acute,trauma,editorial review (3rd edition)
2026-10-04 02:08,300-review.json,acute-0026,options,"[""(A) CT scan"", ""(B) UGI water-soluble contrast study"", ""(C) lower GI water-soluble contrast study"", ""(D) abdominal ultrasound"", ""(E) none of the above""]","[""CT scan"", ""Upper GI water-soluble contrast study"", ""Lower GI water-soluble contrast study"", ""Abdominal ultrasound"", ""None of the above""]",editorial review (3rd edition)
2026-10-04 02:08,300-review.json,acute-0026,explanation,none of the above Plain radiographs confirming pneumoperitoneum obviate the need for further delay in diagnosis.,(rewritten),editorial review (3rd edition)
2026-10-04 02:08,300-review.json,acute-0027,options,"[""(A) immediate laparotomy"", ""(B) nonoperative management with NG decompression and antibiotics"", ""(C) fluid resuscitation"", ""(D) administration of H2 blockers"", ""(E) placement of a central venous line""]","[""Immediate laparotomy"", ""Non-operative management with NG decompression and antibiotics"", ""Fluid resuscitation"", ""Administration of H2 blockers"", ""Placement of a central venous line""]",editorial review (3rd edition)
2026-10-04 02:08,300-review.json,acute-0027,answer,E,C,editorial review (3rd edition)
2026-10-04 02:08,300-review.json,acute-0027,explanation,"Placement of a central venous line– Used to secure reliable access for aggressive fluid replacement, monitor central venous pressure, and guide ongoing resuscitation in a patient with perforated duodenal ulcer and peritonitis.",(rewritten),editorial review (3rd edition)
2026-10-04 02:08,300-review.json,acute-0028,stem,"A 23-year-old male presents to the emergency department after sustaining a single gunshot to the right chest. He is awake and alert and complaining of significant abdominal pain and chest pain. He has a pulse of 110, blood pressure (BP) of 90/60, respirations of 24. On examination, his breath sounds are decreased on the right. His chest is dull to percussion on the right. His abdomen is slightl...","A 23-year-old man presents to the emergency department after sustaining a single gunshot wound to the right chest. He is awake and alert and complaining of significant abdominal pain and chest pain. He has a pulse of 110, blood pressure (BP) of 90/60, respirations of 24. On examination, his breath sounds are decreased on the right. His chest is dull to percussion on the right. His abdomen is sl...",editorial review (3rd edition)
2026-10-04 02:08,300-review.json,acute-0028,explanation,Abdominal gunshot wounds with signs of injury warrant exploratory laparotomy.,(rewritten),editorial review (3rd edition)
2026-10-04 02:08,300-review.json,acute-0028,chapter,acute,trauma,editorial review (3rd edition)
2026-10-04 02:08,300-review.json,acute-0029,chapter,acute,oeso,editorial review (3rd edition)
2026-10-04 02:08,300-review.json,acute-0030,stem,Which diagnostic test is most appropriate for the above condition?,Which diagnostic test is most appropriate for suspected spontaneous oesophageal perforation (Boerhaave syndrome)?,editorial review (3rd edition)
2026-10-04 02:08,300-review.json,acute-0030,explanation,A contrast esophagogram is the test of choice.,(rewritten),editorial review (3rd edition)
2026-10-04 02:08,300-review.json,acute-0030,chapter,acute,oeso,editorial review (3rd edition)
2026-10-04 02:08,300-review.json,acute-0031,chapter,acute,oeso,editorial review (3rd edition)
2026-10-04 02:08,300-review.json,acute-0032,chapter,acute,trauma,editorial review (3rd edition)
2026-10-04 02:08,300-review.json,acute-0033,stem,Which is the treatment of choice for the above condition?,Which is the treatment of choice for a post-traumatic duodenal haematoma causing obstruction?,editorial review (3rd edition)
2026-10-04 02:08,300-review.json,acute-0033,explanation,NG decompression with IV nutrition is the treatment of choice.,(rewritten),editorial review (3rd edition)
2026-10-04 02:08,300-review.json,acute-0033,chapter,acute,trauma,editorial review (3rd edition)
2026-10-04 02:08,300-review.json,acute-0034,options,"[""A positive test would follow injury to spleen, liver, pancreas or intestine"", ""It is more sensitive than computed tomography and focused assess- ment with sonography for trauma (FAST) scanning"", ""It is the technique of choice when attempting to confirm the hollow viscus injury"", ""Urinary catheterization and nasogastric tube insertion is required prior to diagnostic peritoneal lavage"", ""Diagno...","[""A positive test would follow injury to spleen, liver, pancreas or intestine"", ""It is more sensitive than computed tomography and focused assessment with sonography for trauma (FAST) scanning"", ""It is the technique of choice when attempting to confirm the hollow viscus injury"", ""Urinary catheterization and nasogastric tube insertion is required prior to diagnostic peritoneal lavage"", ""Diagnost...",editorial review (3rd edition)
2026-10-04 02:08,300-review.json,acute-0034,explanation,DPL is highly sensitive for intraperitoneal bleeding but cannot detect retroperitoneal injuries.,(rewritten),editorial review (3rd edition)
2026-10-04 02:08,300-review.json,acute-0034,chapter,acute,trauma,editorial review (3rd edition)
2026-10-04 02:08,300-review.json,acute-0035,stem,Explorative laparotomy: Which of the following is not an independent indication for laparotomy following trauma?,Which of the following is not an independent indication for laparotomy following trauma?,editorial review (3rd edition)
2026-10-04 02:08,300-review.json,acute-0035,chapter,acute,trauma,editorial review (3rd edition)
2026-10-04 02:08,300-review.json,acute-0036,DELETED,,,duplicate of acute-0003 (r_paed_acute.tsv:125)
2026-10-04 02:08,300-review.json,acute-0037,stem,"Focused assessment with sonography for trauma (FAST) scan The following factors detract from the diagnostic sensitivity of FAST scanning, except","The following factors detract from the diagnostic sensitivity of focused assessment with sonography for trauma (FAST) scanning, except:",editorial review (3rd edition)
2026-10-04 02:08,300-review.json,acute-0037,chapter,acute,trauma,editorial review (3rd edition)
2026-10-04 02:08,300-review.json,acute-0038,chapter,acute,trauma,editorial review (3rd edition)
2026-10-04 02:08,300-review.json,acute-0039,chapter,acute,trauma,editorial review (3rd edition)
2026-10-04 02:08,300-review.json,acute-0040,options,"[""IV Hartmann’s solution 500mL, over 2h"", ""IV O-negative blood 2 units, run in"", ""IV sodium bicarbonate 0.13% 500mL, over 2h"", ""IV sodium chloride 0.9% 100mL, over 2h"", ""IV whole cross-matched blood 2 units, over 4h""]","[""IV Hartmann’s solution 500mL, over 15min"", ""IV O-negative blood 2 units, run in"", ""IV sodium bicarbonate 0.13% 500mL, over 2h"", ""IV sodium chloride 0.9% 100mL, over 2h"", ""IV whole cross-matched blood 2 units, over 4h""]",editorial review (3rd edition)
2026-10-04 02:08,300-review.json,acute-0040,explanation,"Although there is no ferritin given, the microcytic nature of the anaemia suggests an iron deficiency most likely due to occult blood loss. In a man of his age, the most likely sites for pathology which might cause this are: the proximal colon, the stomach, the duodenum, and the kidney. The usual investigation strategy is for combined (sequential) OGD and colonoscopy with an abdominopelvic CT s...",(rewritten),editorial review (3rd edition)
2026-10-04 02:08,300-review.json,acute-0041,explanation,,(rewritten),editorial review (3rd edition)
2026-10-04 02:08,300-review.json,acute-0042,explanation,"The patient has an acute diaphragmatic rupture which should be treated with immediate laparotomy, which allows both for examination of the intra-abdominal solid and hollow viscera for associated injuries and for adequate exposure of the diaphragm to allow secure repair. Because of the risk of vascular compromise of the contents of the hernia, exacerbated by the negative thoracic pressure, acute...",(rewritten),editorial review (3rd edition)
2026-10-04 02:08,300-review.json,acute-0042,chapter,acute,trauma,editorial review (3rd edition)
2026-10-04 02:08,300-review.json,acute-0043,explanation,"The presence of an abdominal wall ecchymosis from a seatbelt, or a “seatbelt sign,” should raise suspicion for a small intestinal or mesenteric injury. Additionally, CT scan findings of free air, thickening of the small-bowel wall or mesentery, or free fluid in the absence of solid-organ injury should raise suspicion of a hollow viscus injury. Observation is a reasonable option in patients with...",(rewritten),editorial review (3rd edition)
2026-10-04 02:08,300-review.json,acute-0043,chapter,acute,trauma,editorial review (3rd edition)
2026-10-04 02:08,300-review.json,acute-0044,explanation,"Further workup of this patient should be directed at ruling out intra-abdominal injuries secondary to blunt trauma. Since he is hemodynamically stable, he should undergo a CT scan of the abdomen and pelvis to evaluate for solid organ or hollow viscus injury. His initial evaluation by ultrasound (focused assessment with sonography in trauma or FAST) showed fluid in Morison’s pouch or the space b...",(rewritten),editorial review (3rd edition)
2026-10-04 02:08,300-review.json,acute-0044,chapter,acute,trauma,editorial review (3rd edition)
2026-10-04 02:08,300-review.json,acute-0045,explanation,"Tension pneumothorax is a life-threatening problem requiring immediate treatment. A lung wound that behaves as a ball or flap valve allows escaped air to build up pressure in the intrapleural space. This causes collapse of the ipsilateral lung and shifting of the mediastinum and trachea to the contralateral side, in addition to compression of the vena cava and contralateral lung. Sudden death m...",(rewritten),editorial review (3rd edition)
2026-10-04 02:08,300-review.json,acute-0045,chapter,acute,trauma,editorial review (3rd edition)
2026-10-04 02:08,300-review.json,acute-0046,explanation,Diaphragmatic or abdominal injuries should be suspected in patients with a penetrating injury below the nipples. Diagnostic laparoscopy is appropriate to evaluate for a diaphragmatic or an abdominal injury in penetrating trauma to the thoracoabdominal transition area. CT scan has a low sensitivity for diagnosing abdominal injuries in the setting of penetrating trauma. Local wound exploration is...,(rewritten),editorial review (3rd edition)
2026-10-04 02:08,300-review.json,acute-0046,chapter,acute,trauma,editorial review (3rd edition)
2026-10-04 02:08,300-review.json,acute-0047,explanation,"Acute signs of airway distress (stridor, hoarseness, dysphonia), visceral injury (subcutaneous air, hemoptysis, dysphagia), hemorrhage (expanding hematoma, unchecked external bleeding), and neurologic symptoms referable to carotid injury (stroke or altered mental status) or lower cranial nerve or brachial plexus injury require formal neck exploration. Pneumothorax would mandate a chest tube; th...",(rewritten),editorial review (3rd edition)
2026-10-04 02:08,300-review.json,acute-0047,chapter,acute,trauma,editorial review (3rd edition)
2026-10-04 02:08,300-review.json,acute-0048,explanation,"Duodenal hematomas result from blunt abdominal trauma, and they should be managed initially with observation in patients not undergoing laparotomy to rule out other associated injuries. They present as a proximal bowel obstruction with abdominal pain and occasionally a palpable right upper quadrant mass. An upper gastrointestinal series is almost always diagnostic, with the classic coiled sprin...",(rewritten),editorial review (3rd edition)
2026-10-04 02:08,300-review.json,acute-0048,chapter,acute,trauma,editorial review (3rd edition)
2026-10-04 02:08,300-review.json,acute-0049,explanation,"The diagnostic test of choice for suspected blunt cerebrovascular injury (BCVI) is CT angiography (CTA) of the neck. CTA has replaced cerebral angiography as the screening test of choice; cerebral angiography may be indicated as a secondary test for further delineation of the anatomy or if the CTA is negative despite high clinical suspicion. Carotid duplex, although the initial test of choice f...",(rewritten),editorial review (3rd edition)
2026-10-04 02:08,300-review.json,acute-0049,chapter,acute,trauma,editorial review (3rd edition)
2026-10-04 02:08,300-review.json,acute-0050,explanation,Closed-head injuries may result in cerebral concussion owing to depression of the reticular formation (or reticular activating system) of the brainstem which is responsible for the maintenance of consciousness. This type of injury is usually reversible. Local bleeding and swelling (intracranial or extracranial) produce an increase in intracranial pressure which can manifest as Cushing triad (hy...,(rewritten),editorial review (3rd edition)
2026-10-04 02:08,300-review.json,acute-0050,chapter,acute,trauma,editorial review (3rd edition)
2026-10-04 02:08,300-review.json,acute-0051,explanation,"Emergency measures to reduce intracranial pressure include hyperventilation, mannitol infusion, and elevation of the head of the bed (reverse Trendelenburg position). However, in the face of inadequate volume resuscitation, osmotic diuresis with mannitol and placement of the patient in reverse Trendelenburg may exacerbate the patient’s hypotension. CT scanning should be performed as soon as pos...",(rewritten),editorial review (3rd edition)
2026-10-04 02:08,300-review.json,acute-0051,chapter,acute,trauma,editorial review (3rd edition)
2026-10-04 02:08,300-review.json,acute-0052,stem,"A 31-year-old man is brought to the ER following an automobile accident in which his chest struck the steering wheel. His vital signs are heart rate of 78 beats/minute, blood pressure of 129/65, respirations of 14 breaths/minute, and oxygen saturation of 98% on room air. Examination reveals no evidence of respiratory distress, but the patient exhibits multiple rightsided palpable rib fractures....","A 31-year-old man is brought to the ER following an automobile accident in which his chest struck the steering wheel. His vital signs are heart rate of 78 beats/minute, blood pressure of 129/65, respirations of 14 breaths/minute, and oxygen saturation of 98% on room air. Examination reveals no evidence of respiratory distress, but the patient exhibits multiple right-sided palpable rib fractures...",editorial review (3rd edition)
2026-10-04 02:08,300-review.json,acute-0052,explanation,Initial management of flail chest consists of adequate pain control and chest physiotherapy; intubation and mechanical ventilation are only indicated if respiratory compromise develops. Flail chest is diagnosed in the presence of paradoxical respiratory movement in a portion of the chest wall. At least 2 fractures in each of 3 adjacent rib or costal cartilages are required to produce this condi...,(rewritten),editorial review (3rd edition)
2026-10-04 02:08,300-review.json,acute-0052,chapter,acute,trauma,editorial review (3rd edition)
2026-10-04 02:08,300-review.json,acute-0053,explanation,"Gunshot wounds to the lower chest are often associated with intra-abdominal injuries; any patient with a gunshot wound below the level of T4 should be subjected to abdominal exploration. The domes of the diaphragm are at the level of the nipples, and the diaphragm can rise to the level of T4 during maximal expiration. Exploratory thoracotomy is not automatically indicated because most parenchym...",(rewritten),editorial review (3rd edition)
2026-10-04 02:08,300-review.json,acute-0053,chapter,acute,trauma,editorial review (3rd edition)
2026-10-04 02:08,300-review.json,acute-0054,explanation,"Appropriate workup for hemorrhagic shock should be initiated (chest and pelvic x-rays, abdominal evaluation with FAST examination). Except in the rare circumstance, hypotension in a trauma patient should be presumed to be secondary to hypovolemia from hemorrhagic shock and not the head injury. Extensive workup should focus on identifying and controlling sources of hemorrhage....",(rewritten),editorial review (3rd edition)
2026-10-04 02:08,300-review.json,acute-0054,chapter,acute,trauma,editorial review (3rd edition)
2026-10-04 02:08,300-review.json,acute-0055,explanation,"This patient is suffering from the “bloody vicious cycle” of trauma which includes coagulopathy, hypothermia, and acidosis; this cycle increases his risk of mortality. Therefore, rapid correction is imperative. He should receive ongoing blood transfusions to correct his coagulopathy and rewarming as hypothermia inhibits the enzymatic reactions of the coagulation cascade. Correction of the metab...",(rewritten),editorial review (3rd edition)
2026-10-04 02:08,300-review.json,acute-0055,chapter,acute,trauma,editorial review (3rd edition)
2026-10-04 02:08,300-review.json,acute-0056,explanation,"The patient has a tension pneumothorax caused by blunt trauma, which should be treated with emergent needle decompression of the chest (14-gauge catheter-over-needle inserted into the second intercostal space in the midclavicular line). Hypotension and distended neck veins are also seen in cardiac tamponade, but breath sounds are usually symmetric. An emergent thoracotomy is not indicated for a...",(rewritten),editorial review (3rd edition)
2026-10-04 02:08,300-review.json,acute-0056,chapter,acute,trauma,editorial review (3rd edition)
2026-10-04 02:08,300-review.json,acute-0057,answer,,D,editorial review (3rd edition)
2026-10-04 02:08,300-review.json,acute-0057,explanation,"**E. >40%** – Tachycardia, hypotension, and a base deficit of –8 indicate **Class IV hemorrhagic shock**, which corresponds to more than 40 % blood volume loss.",(rewritten),editorial review (3rd edition)
2026-10-04 02:08,300-review.json,acute-0057,chapter,acute,shock,editorial review (3rd edition)
2026-10-04 02:08,300-review.json,acute-0058,explanation,"This 21-week pregnant patient should undergo imaging to rule out an intra-abdominal injury given the mechanism (high-speed motor vehicle collision), her abdominal pain, and tachycardia; the appropriate next test is CT scan of the abdomen and pelvis. Although she is tachycardic, she is normotensive so diagnostic laparoscopy or exploratory laparotomy would not be warranted unless she became hemod...",(rewritten),editorial review (3rd edition)
2026-10-04 02:08,300-review.json,acute-0058,chapter,acute,trauma,editorial review (3rd edition)
2026-10-04 02:08,300-review.json,acute-0059,explanation,"Nonoperative management of a splenic injury is acceptable unless the patient is hemodynamically unstable or shows evidence of ongoing bleeding. The severity of the splenic injury can be graded based on the CT scan, but the grade of splenic injury does not always correlate to the need for operative intervention. Therefore, even the presence of a grade V injury (completely shattered spleen or hil...",(rewritten),editorial review (3rd edition)
2026-10-04 02:08,300-review.json,acute-0059,chapter,acute,trauma,editorial review (3rd edition)
2026-10-04 02:08,300-review.json,acute-0060,explanation,"There are multiple sequelae of increased abdominal pressure or abdominal compartment syndrome. Compartment syndrome results in increased peak airway pressures, decreased venous return and decreased cardiac output, increased systemic vascular resistance, decreased renal blood flow and glomerular filtration rate, and decreased portal venous flow with decreased liver function. Because of decreased...",(rewritten),editorial review (3rd edition)
2026-10-04 02:08,300-review.json,acute-0060,chapter,acute,trauma,editorial review (3rd edition)
2026-10-04 02:08,300-review.json,acute-0061,explanation,"Initial management should consist of isotonic crystalloid resuscitation with either normal saline or lactated Ringer at a dose of 20 mL/kg body weight (600 mL). If the patient does not respond, then blood transfusion should be initiated at 10 mL/kg body weight. Although fresh frozen plasma (FFP) is often given in conjunction with packed red blood cells (PRBCs) in patients requiring massive tran...",(rewritten),editorial review (3rd edition)
2026-10-04 02:08,300-review.json,acute-0061,chapter,acute,trauma,editorial review (3rd edition)
2026-10-04 02:08,300-review.json,acute-0062,answer,A,C,editorial review (3rd edition)
2026-10-04 02:08,300-review.json,acute-0062,explanation,Assess extent of corrosive injury promptly.,(rewritten),editorial review (3rd edition)
2026-10-04 02:08,300-review.json,acute-0062,chapter,acute,oeso,editorial review (3rd edition)
2026-10-04 02:08,300-review.json,liver-0002,options,"[""Albendazole"", ""Mebendazole"", ""Praziquantel"", ""Metronidazole"", ""Levamisole""]","[""Albendazole"", ""Mebendazole"", ""Praziquantel"", ""Hypertonic (20%) saline as a scolicidal agent"", ""Levamisole""]",editorial review (3rd edition)
2026-10-04 02:08,300-review.json,liver-0002,explanation,– not used for hydatid cyst treatment; albendazole or mebendazole are the recommended perioperative agents,(rewritten),editorial review (3rd edition)
2026-10-04 02:08,300-review.json,liver-0004,stem,Is there a benefit of giving medications before surgery? Why?,A patient with a hydatid liver cyst is scheduled for surgery. Is there a benefit of giving medication before surgery? Why?,editorial review (3rd edition)
2026-10-04 02:08,300-review.json,liver-0004,options,"[""No, medications before surgery have no impact"", ""Yes, they improve liver function"", ""Yes, Albendazole and Praziquantel reduce the cyst size preoperatively and lower the risk of recurrence"", ""No, they only increase the risk of infection"", ""Yes, they are used to anesthetize the patient""]","[""No, medications before surgery have no impact"", ""Yes, they improve liver function"", ""Yes, albendazole (± praziquantel) inactivates the cyst and lowers intracystic pressure, reducing the risk of recurrence"", ""No, they only increase the risk of infection"", ""Yes, they are used to anesthetize the patient""]",editorial review (3rd edition)
2026-10-04 02:08,300-review.json,liver-0004,explanation,Preoperative medications reduce cyst size and recurrence risk.,(rewritten),editorial review (3rd edition)
2026-10-04 02:08,300-review.json,liver-0005,stem,What is the further imaging you would order before surgery?,A jaundiced patient has a hydatid liver cyst with daughter cysts on CT and is planned for surgery. What further imaging would you order before surgery?,editorial review (3rd edition)
2026-10-04 02:08,300-review.json,liver-0005,options,"[""CT scan"", ""MRI"", ""Ultrasound"", ""X-ray"", ""PET scan""]","[""CT scan"", ""MRI with MRCP"", ""Ultrasound"", ""X-ray"", ""PET scan""]",editorial review (3rd edition)
2026-10-04 02:08,300-review.json,liver-0005,answer,C,B,editorial review (3rd edition)
2026-10-04 02:08,300-review.json,liver-0005,explanation,Ultrasound is recommended for further evaluation of the liver cyst.,(rewritten),editorial review (3rd edition)
2026-10-04 02:08,300-review.json,liver-0006,stem,What is your plan for minimizing the risk of infection,"After surgery for a hydatid liver cyst, what is your plan for minimising the risk of recurrence or reinfection?",editorial review (3rd edition)
2026-10-04 02:08,300-review.json,liver-0006,options,"[""Administer high-dose steroids preoperatively"", ""Use prophylactic antibiotics only during surgery"", ""Continue Albendazole and Praziquantel for 2 weeks postoperatively and educate the patient on consuming clean food and water"", ""No additional measures are necessary"", ""Delay surgery until infection resolves""]","[""Administer high-dose steroids preoperatively"", ""Use prophylactic antibiotics only during surgery"", ""Continue albendazole (± praziquantel) postoperatively and educate the patient about hand hygiene, clean food and water and avoiding contact with dogs"", ""No additional measures are necessary"", ""Delay surgery until infection resolves""]",editorial review (3rd edition)
2026-10-04 02:08,300-review.json,liver-0006,explanation,Postoperative continuation of medications with proper patient education minimizes infection risk.,(rewritten),editorial review (3rd edition)
2026-10-04 02:08,300-review.json,liver-0007,stem,Provided the workup below: what is the imaging? findings?,A patient with right upper quadrant pain has the imaging shown. What is the imaging modality and what does it show?,editorial review (3rd edition)
2026-10-04 02:08,300-review.json,liver-0007,options,"[""Ultrasound showing a solid lesion"", ""CT scan showing a cystic lesion in the liver associated with floating membranes (Cogwheel sign)"", ""MRI indicating liver hemangioma"", ""Plain X-ray with calcifications"", ""PET scan showing hypermetabolic activity""]","[""Ultrasound showing a solid lesion"", ""CT scan showing a cystic liver lesion with floating detached membranes (water-lily sign)"", ""MRI indicating liver hemangioma"", ""Plain X-ray with calcifications"", ""PET scan showing hypermetabolic activity""]",editorial review (3rd edition)
2026-10-04 02:08,300-review.json,liver-0007,explanation,"CT demonstrates a cystic liver lesion with floating membranes, indicating a hydatid cyst.",(rewritten),editorial review (3rd edition)
2026-10-04 02:08,300-review.json,liver-0008,stem,What is the surgical option?,What is the usual surgical option for an uncomplicated hydatid liver cyst?,editorial review (3rd edition)
2026-10-04 02:08,300-review.json,liver-0008,explanation,Cystectomy is the appropriate surgical management.,(rewritten),editorial review (3rd edition)
2026-10-04 02:08,300-review.json,liver-0009,DELETED,,,duplicate of liver-0004 (r_hepatobil.tsv:18)
2026-10-04 02:08,300-review.json,liver-0010,DELETED,,,duplicate of liver-0005 (r_hepatobil.tsv:19)
2026-10-04 02:08,300-review.json,liver-0011,DELETED,,,duplicate of liver-0006 (r_hepatobil.tsv:20)
2026-10-04 02:08,300-review.json,liver-0012,stem,"The patient didn’t respond to eradication of H. pylori drugs, and an ultrasound revealed a 4.5 cm x 3 cm cyst in the liver. What is the most likely diagnosis now?","A patient with upper abdominal pain did not respond to H. pylori eradication therapy, and an ultrasound reveals a 4.5 × 3 cm cyst in the liver. What is the most likely diagnosis?",editorial review (3rd edition)
2026-10-04 02:08,300-review.json,liver-0012,explanation,Ultrasound suggests a liver cyst with multiple potential etiologies.,(rewritten),editorial review (3rd edition)
2026-10-04 02:08,300-review.json,liver-0013,stem,"The patient refuses surgery. What medical treatment would you offer for the patient, and for how long?","A patient with a hydatid liver cyst refuses surgery. What medical treatment would you offer, and for how long?",editorial review (3rd edition)
2026-10-04 02:08,300-review.json,liver-0014,stem,How would you monitor the response to treatment?,How would you monitor the response of a hydatid liver cyst to medical treatment?,editorial review (3rd edition)
2026-10-04 02:08,300-review.json,liver-0015,stem,"What is the single test you would do before starting the treatment, and why?","Before starting medical treatment for a suspected hydatid liver cyst, what single test would you do, and why?",editorial review (3rd edition)
2026-10-04 02:08,300-review.json,liver-0015,options,"[""Liver biopsy to confirm the diagnosis"", ""Serologic testing for viral hepatitis"", ""Ultrasound evaluation to determine the cyst characteristics"", ""Complete blood count"", ""The answer is not provided in the text""]","[""Liver biopsy to confirm the diagnosis"", ""Serologic testing for viral hepatitis"", ""Ultrasound evaluation to determine the cyst characteristics"", ""Complete blood count"", ""Chest x-ray""]",editorial review (3rd edition)
2026-10-04 02:08,300-review.json,liver-0015,explanation,"– Ultrasound is the key initial test to confirm the presence, size, and stage of a hydatid cyst and to guide appropriate treatment planning.",(rewritten),editorial review (3rd edition)
2026-10-04 02:08,300-review.json,liver-0016,stem,"The patient does a CT scan that shows multiple cysts in the lung, kidney, and spleen. What is the best serologic test to confirm your diagnosis?","A patient with a hydatid liver cyst has a CT scan showing multiple cysts in the lung, kidney and spleen. What is the best serological test to confirm the diagnosis?",editorial review (3rd edition)
2026-10-04 02:08,300-review.json,liver-0017,stem,"After two weeks, the patient develops jaundice, RUQ pain, and a mass with swinging fever. What is the diagnosis?","Two weeks later, a patient with a hydatid liver cyst develops jaundice, right upper quadrant pain, a tender mass and a swinging fever. What is the diagnosis?",editorial review (3rd edition)
2026-10-04 02:08,300-review.json,liver-0017,explanation,The symptoms indicate a liver abscess as a complication of the pre-existing cyst.,(rewritten),editorial review (3rd edition)
2026-10-04 02:08,300-review.json,liver-0018,explanation,Amoebiasis is endemic and most patients are asymptomatic; infection is acquired faeco-orally.,(rewritten),editorial review (3rd edition)
2026-10-04 02:08,300-review.json,liver-0019,explanation,Trophozoites produce characteristic flask-shaped ulcers and invade the liver; infective cysts are excreted.,(rewritten),editorial review (3rd edition)
2026-10-04 02:08,300-review.json,liver-0020,explanation,Amoebic liver abscess typically presents with these features; blackcurrant jelly is not characteristic.,(rewritten),editorial review (3rd edition)
2026-10-04 02:08,300-review.json,liver-0022,explanation,Surgical treatment is indicated for complications Amoebic liver abscess is managed primarily medically; intervention is reserved for complications.,(rewritten),editorial review (3rd edition)
2026-10-04 02:08,300-review.json,liver-0023,explanation,"Dogs harbor the adult parasite and intermediate hosts develop well-circumscribed cysts, mainly in the liver.",(rewritten),editorial review (3rd edition)
2026-10-04 02:08,300-review.json,liver-0026,answer,BC,BCE,editorial review (3rd edition)
2026-10-04 02:08,300-review.json,liver-0026,explanation,"ctive jaundice Hepatic hydatid cysts often cause dull RUQ pain, may rupture causing anaphylaxis and obstructive jaundice.",(rewritten),editorial review (3rd edition)
2026-10-04 02:08,300-review.json,liver-0032,answer,AB,ABE,editorial review (3rd edition)
2026-10-04 02:08,300-review.json,liver-0032,explanation,” E. Surgery remains the mainstay of treatment for pulmonary hydatid cysts Ruptured pulmonary hydatid cysts produce the meniscus sign and are best treated surgically.,(rewritten),editorial review (3rd edition)
2026-10-04 02:08,300-review.json,liver-0034,images,"[""pic/EMBEDDED""]",[],editorial review (3rd edition)
2026-10-04 02:08,300-review.json,liver-0034,notes,,Image path is 'pic/EMBEDDED' (looks like a broken image reference); the stem does not refer to an image.,editorial review (3rd edition)
2026-10-04 02:08,300-review.json,liver-0036,stem,"A 27-year-old man presents with fevers and right lower abdominal pain following a 1-week history of bloody diarrhoea. He has recently returned from holiday in the Maldives, but has previously been fit and well. On examination, he has a tender palpable liver. Which of the following is the most likely cause of his symptoms?","A 27-year-old man presents with fevers and right upper abdominal pain following a 1-week history of bloody diarrhoea. He has recently returned from holiday in the Maldives, but has previously been fit and well. On examination, he has a tender palpable liver. Which of the following is the most likely cause of his symptoms?",editorial review (3rd edition)
2026-10-04 02:08,300-review.json,liver-0036,explanation,"Entamoeba histolytica infection can cause a liver abscess, commonly presenting with fever and RUQ pain.",(rewritten),editorial review (3rd edition)
2026-10-04 02:08,300-review.json,liver-0037,explanation,"Late features of cirrhosis include jaundice, ascites, encephalopathy.",(rewritten),editorial review (3rd edition)
2026-10-04 02:08,300-review.json,liver-0039,explanation,Amebic liver abscess is initially managed with metronidazole.,(rewritten),editorial review (3rd edition)
2026-10-04 02:08,300-review.json,gb-0001,stem,"Four weeks later, the patient continues to have bile drainage of 900cc daily. What is the best minimally invasive technique to treat this condition?","Four weeks after a laparoscopic cholecystectomy, a patient's abdominal drain is still draining 900 mL of bile daily. What is the best minimally invasive treatment?",editorial review (3rd edition)
2026-10-04 02:08,300-review.json,gb-0001,options,"[""ERCP with sphincterotomy"", ""Laparoscopic cholecystectomy"", ""Open drainage"", ""Antibiotics only"", ""Percutaneous drainage""]","[""ERCP with sphincterotomy and stent placement"", ""Laparoscopic cholecystectomy"", ""Open drainage"", ""Antibiotics only"", ""Percutaneous drainage""]",editorial review (3rd edition)
2026-10-04 02:08,300-review.json,gb-0001,explanation,ERCP with sphincterotomy can help divert bile flow and allow the leak to heal.,(rewritten),editorial review (3rd edition)
2026-10-04 02:08,300-review.json,gb-0002,stem,Is surgery needed for her gallbladder? Explain.,A diabetic woman has small gallstones found incidentally on ultrasound. She has never had biliary pain. Is surgery needed for her gallbladder?,editorial review (3rd edition)
2026-10-04 02:08,300-review.json,gb-0002,options,"[""No, surgery is not indicated because she is asymptomatic regarding gallstones."", ""Yes, as she is diabetic (indication in asymptomatic gallstone disease)."", ""No, because the gallstones are small and less than 7mm."", ""Yes, because any gallstones in diabetic patients always require cholecystectomy."", ""No, because the patient has no biliary colic.""]","[""No, surgery is not indicated because she is asymptomatic regarding gallstones."", ""Yes, as she is diabetic (indication in asymptomatic gallstone disease)."", ""No, because the gallstones are small and less than 7mm."", ""Yes, because any gallstones in diabetic patients always require cholecystectomy."", ""Yes, because all gallstones should be removed once detected""]",editorial review (3rd edition)
2026-10-04 02:08,300-review.json,gb-0002,answer,B,A,editorial review (3rd edition)
2026-10-04 02:08,300-review.json,gb-0002,explanation,"Diabetic patients have higher risk, so cholecystectomy is indicated.",(rewritten),editorial review (3rd edition)
2026-10-04 02:08,300-review.json,gb-0003,stem,"A 51-year-old male smoker presents with upper abdominal discomfort and heaviness over the past few weeks, along with a substernal burning sensation. An ultrasound shows three small stones <9mm with normal wall thickness. He has had a partial response to antacids and panadol. The attending doctor in the outpatient department advised him for laparoscopic cholecystectomy. Q1/ Explain your advice t...","A 51-year-old male smoker presents with upper abdominal discomfort and heaviness over the past few weeks, along with a substernal burning sensation. An ultrasound shows three small stones <9 mm with normal wall thickness. He has had a partial response to antacids and paracetamol. The surgeon in the outpatient clinic recommends laparoscopic cholecystectomy. How would you counsel this patient?",editorial review (3rd edition)
2026-10-04 02:08,300-review.json,gb-0004,stem,The patient refused surgery. He requests an adjuvant therapy that would reduce future increase in the size and number of stones. Suggest a valuable option.,A patient with gallstones refuses cholecystectomy. He requests a medical therapy that would reduce any future increase in the size and number of stones. Suggest a suitable option.,editorial review (3rd edition)
2026-10-04 02:08,300-review.json,gb-0004,explanation,Ursodeoxycholic acid helps dissolve gallstones.,(rewritten),editorial review (3rd edition)
2026-10-04 02:08,300-review.json,gb-0005,stem,"Two years later, he developed itching, and an ultrasound was done for this patient as shown below. What is the study and what are the findings?",A patient with gallstones who declined cholecystectomy develops itching two years later. The imaging shown is performed. What is the study and what are the findings?,editorial review (3rd edition)
2026-10-04 02:08,300-review.json,gb-0006,stem,How can you confirm these findings?,Ultrasound suggests stones in a dilated common bile duct. How can you confirm these findings non-invasively?,editorial review (3rd edition)
2026-10-04 02:08,300-review.json,gb-0007,stem,What is the best treatment now?,MRCP confirms common bile duct stones in a jaundiced patient whose gallbladder is still in situ. What is the best treatment now?,editorial review (3rd edition)
2026-10-04 02:08,300-review.json,gb-0007,options,"[""Laparoscopic cholecystectomy"", ""Open surgical exploration"", ""Medical management with ursodeoxycholic acid"", ""ERCP is the management of choice for symptomatic CBD stones"", ""Conservative management with analgesics""]","[""Laparoscopic cholecystectomy"", ""Open surgical exploration"", ""Medical management with ursodeoxycholic acid"", ""ERCP with sphincterotomy and stone extraction"", ""Conservative management with analgesics""]",editorial review (3rd edition)
2026-10-04 02:08,300-review.json,gb-0007,explanation,ERCP is indicated for symptomatic common bile duct stones.,(rewritten),editorial review (3rd edition)
2026-10-04 02:08,300-review.json,gb-0008,stem,"Seven days after surgery, the patient develops high grade fever, sweating, and RUQ pain. CT scan shows a hypodense area below the right hemidiaphragm with an elevated right hemidiaphragm. Mention the radiological findings.","Seven days after abdominal surgery, a patient develops high-grade fever, sweating and right upper quadrant pain. A CT scan is shown. What are the radiological findings?",editorial review (3rd edition)
2026-10-04 02:08,300-review.json,gb-0009,stem,What is the treatment?,What is the treatment of a postoperative subphrenic abscess?,editorial review (3rd edition)
2026-10-04 02:08,300-review.json,gb-0009,options,"[""Oral antibiotics only"", ""Conservative management without drainage"", ""Antibiotics plus surgical drainage"", ""Immediate reoperation"", ""Steroid therapy""]","[""Oral antibiotics only"", ""Conservative management without drainage"", ""Antibiotics plus drainage (image-guided percutaneous, or surgical if this fails)"", ""Immediate reoperation"", ""Steroid therapy""]",editorial review (3rd edition)
2026-10-04 02:08,300-review.json,gb-0009,explanation,A subphrenic abscess is best managed with a combination of antibiotics and drainage.,(rewritten),editorial review (3rd edition)
2026-10-04 02:08,300-review.json,gb-0012,explanation,A previous cholecystectomy does not increase the risk of endocarditis unlike the other conditions.,(rewritten),editorial review (3rd edition)
2026-10-04 02:08,300-review.json,gb-0014,explanation,"Statements A and D are false; only B, C and E are true.",(rewritten),editorial review (3rd edition)
2026-10-04 02:08,300-review.json,gb-0015,explanation,"A, D and E are correct; B and C are false.",(rewritten),editorial review (3rd edition)
2026-10-04 02:08,300-review.json,gb-0016,explanation,All options are correct.,(rewritten),editorial review (3rd edition)
2026-10-04 02:08,300-review.json,gb-0018,explanation,C is false; peroperative cholangiography is not routinely performed.,(rewritten),editorial review (3rd edition)
2026-10-04 02:08,300-review.json,gb-0026,stem,"A 65-year-old woman presents with 6 months of epigastric discomfort, poor appetite, and weight loss. Abdominal ultrasound reveals cholelithiasis and a UGI x-ray series shows an abnormal view. Which of the following is the most likely diagnosis?","A 65-year-old woman presents with 6 months of epigastric discomfort, poor appetite and weight loss. Abdominal ultrasound reveals cholelithiasis, and an upper GI contrast series is shown. What is the most likely diagnosis?",editorial review (3rd edition)
2026-10-04 02:08,300-review.json,gb-0026,options,"[""(A) cholecystoenteric fistula"", ""(B) duodenal ulcer"", ""(C) gastric ulcer"", ""(D) gastric diverticulum"", ""(E) duodenal diverticulum""]","[""Cholecystoenteric fistula"", ""Duodenal ulcer"", ""Gastric ulcer"", ""Gastric diverticulum"", ""Duodenal diverticulum""]",editorial review (3rd edition)
2026-10-04 02:08,300-review.json,gb-0026,explanation,gastric ulcer The x-ray suggests a malignant-appearing gastric ulcer requiring tissue diagnosis.,(rewritten),editorial review (3rd edition)
2026-10-04 02:08,300-review.json,gb-0026,chapter,gb,stom,editorial review (3rd edition)
2026-10-04 02:08,300-review.json,gb-0027,options,"[""(A) radioisotope scanning"", ""(B) radioisotope scanning with preimaging phenobarbital administration"", ""(C) abdominal ultrasound"", ""(D) CT scan of the abdomen"", ""(E) MRI scan of the abdomen""]","[""Radioisotope scanning"", ""Radioisotope scanning with preimaging phenobarbital administration"", ""Abdominal ultrasound"", ""CT scan of the abdomen"", ""MRI scan of the abdomen""]",editorial review (3rd edition)
2026-10-04 02:08,300-review.json,gb-0027,explanation,radioisotope scanning with preimaging phenobarbital administration This study is most sensitive for biliary atresia.,(rewritten),editorial review (3rd edition)
2026-10-04 02:08,300-review.json,gb-0028,answer,C,B,editorial review (3rd edition)
2026-10-04 02:08,300-review.json,gb-0028,explanation,Tension pneumothorax requires immediate chest tube decompression.,(rewritten),editorial review (3rd edition)
2026-10-04 02:08,300-review.json,gb-0029,stem,"Management of abdominal pain and vomiting A 48-year-old woman is admitted with severe epigastric pain and vomiting. The pain is continuous in nature and is made worse on movement. On examination you notice the patient is lying still, taking shallow breaths and sweating. There is marked tenderness in the epigastric and right upper quadrant of the abdomen. Murphy’s sign is positive and the patien...","A 48-year-old woman is admitted with severe epigastric pain and vomiting. The pain is continuous and worse on movement. On examination she is lying still, taking shallow breaths and sweating. There is marked tenderness in the epigastrium and right upper quadrant, Murphy's sign is positive and she is slightly pyrexial. You suspect acute cholecystitis. What is the next best step in managing this ...",editorial review (3rd edition)
2026-10-04 02:08,300-review.json,gb-0029,explanation,Management focuses on conservative treatment for acute cholecystitis initially.,(rewritten),editorial review (3rd edition)
2026-10-04 02:08,300-review.json,gb-0030,stem,"Murphy’s sign A 50-year-old woman presents with an acute episode of epigastric pain, vomiting and fever. The registrar, who has already clerked and examined the patient, tells you that ‘Murphy’s sign is positive’. Despite not having seen the patient, from the information conveyed to you, what is the most likely top differential diagnosis that is running through your mind?","A 50-year-old woman presents with an acute episode of epigastric pain, vomiting and fever. The registrar, who has already clerked and examined the patient, tells you that Murphy's sign is positive. Without having seen the patient, what is the most likely diagnosis?",editorial review (3rd edition)
2026-10-04 02:08,300-review.json,gb-0031,stem,"Right upper quadrant pain You are asked to see a 48-year-old woman who has been admitted with sudden onset of right upper quadrant pain. Your registrar liaises with you, after having seen this patient, and tells you that the patient has ‘Charcot’s triad’. From the information conveyed to you, what is the most likely diagnosis that you should be thinking of?","You are asked to see a 48-year-old woman admitted with sudden onset of right upper quadrant pain. Your registrar, having seen her, tells you that the patient has Charcot's triad. What is the most likely diagnosis?",editorial review (3rd edition)
2026-10-04 02:08,300-review.json,gb-0032,stem,"Investigation of right upper quadrant pain A 44-year-old woman presents with acute onset of right upper quadrant pain and fever. On examination, the patient is lying still and has tachycardia. The abdomen is tender in the right upper quadrant with guarding in that area. Murphy’s sign is positive. What is the most useful investigation for this patient?","A 44-year-old woman presents with acute onset of right upper quadrant pain and fever. On examination, she is lying still and has a tachycardia. The abdomen is tender in the right upper quadrant with guarding in that area. Murphy's sign is positive. What is the most useful investigation for this patient?",editorial review (3rd edition)
2026-10-04 02:08,300-review.json,gb-0047,explanation,Post-hepatic obstruction picture with absent urobilinogen and normal GGT suggests a stone in the common bile duct.,(rewritten),editorial review (3rd edition)
2026-10-04 02:08,300-review.json,gb-0051,stem,23-year-old woman undergoes a laparoscopic cholecystectomy for symptoms of recurrent biliary colic. On examination of the gallbladder there are stones present (see Figure 7.1). Which is the single most likely underlying diagnosis to explain her condition?,A 23-year-old woman undergoes a laparoscopic cholecystectomy for recurrent biliary colic. On examination of the gallbladder there are stones present (see figure). Which is the single most likely underlying diagnosis to explain her condition?,editorial review (3rd edition)
2026-10-04 02:08,300-review.json,gb-0052,stem,47-year-old man has had malaise and anorexia for 2 weeks and 3 days of developing jaundice. Serum testing has confirmed a positive result for hepatitis A infection. Blood tests are taken to assess the cause of his jaundice (normal values at your hospital are given in Table 7.1). Which is the single most likely combination of blood results in this patient?,A 47-year-old man has had malaise and anorexia for 2 weeks and has developed jaundice over 3 days. Serum testing confirms hepatitis A infection. Blood tests are taken to assess the cause of his jaundice (normal ranges are shown). Which is the single most likely combination of blood results in this patient?,editorial review (3rd edition)
2026-10-04 02:08,300-review.json,gb-0055,chapter,gb,liver,editorial review (3rd edition)
2026-10-04 02:08,300-review.json,gb-0062,stem,"A 62-year-old man presents with right upper quadrant abdominal pain and jaundice. He is afebrile with normal vital signs. On laboratory findings he has elevated levels of bilirubin and alkaline phosphatase. Ultrasound demonstrates gallstones, normal gallbladder wall thickness, no pericholecystic fluid, and a common bile duct of 1.0 cm.","A 62-year-old man presents with right upper quadrant abdominal pain and jaundice. He is afebrile with normal vital signs. Blood tests show elevated bilirubin and alkaline phosphatase. Ultrasound demonstrates gallstones, normal gallbladder wall thickness, no pericholecystic fluid and a common bile duct of 1.0 cm. What is the most likely diagnosis?",editorial review (3rd edition)
2026-10-04 02:08,300-review.json,gb-0063,stem,"A 36-year-old woman presents with right upper quadrant abdominal pain and jaundice. She is febrile and tachycardic. On laboratory results she has leukocytosis and elevated levels of bilirubin and alkaline phosphatase. Ultrasound demonstrates gallstones, normal gallbladder wall thickness, no pericholecystic fluid, and a common bile duct of 1.0 cm.","A 36-year-old woman presents with right upper quadrant abdominal pain and jaundice. She is febrile and tachycardic. Blood tests show leukocytosis and elevated bilirubin and alkaline phosphatase. Ultrasound demonstrates gallstones, normal gallbladder wall thickness, no pericholecystic fluid and a common bile duct of 1.0 cm. What is the most likely diagnosis?",editorial review (3rd edition)
2026-10-04 02:08,300-review.json,gb-0063,explanation,"Fever, tachycardia, and leukocytosis indicate cholangitis.",(rewritten),editorial review (3rd edition)
2026-10-04 02:08,300-review.json,gb-0064,stem,"A 55-year-old man presents with intermittent right upper quadrant abdominal pain. Each episode of pain lasts 1 to 2 hours. He is afebrile with normal vital signs. On laboratory results he has no leukocytosis and normal levels of bilirubin, alkaline phosphatase, amylase, and lipase. Ultrasound demonstrates gallstones, normal gallbladder wall thickness, no pericholecystic fluid, and a common bile...","A 55-year-old man presents with intermittent right upper quadrant abdominal pain; each episode lasts 1 to 2 hours. He is afebrile with normal vital signs. White cell count, bilirubin, alkaline phosphatase, amylase and lipase are normal. Ultrasound demonstrates gallstones, normal gallbladder wall thickness, no pericholecystic fluid and a common bile duct of 3 mm. What is the most likely diagnosis?",editorial review (3rd edition)
2026-10-04 02:08,300-review.json,gb-0065,explanation,"The provided answer specifies “liver resection with portal lymph node dissection” as the surgical treatment for the majority of gallbladder cancers, making option C the correct answer.",(rewritten),editorial review (3rd edition)
2026-10-04 02:08,300-review.json,gb-0070,explanation,"Hyperesthesia below right scapula, seen in acute cholecystitis. A. Ascending cholangitis Charcot’s triad indicates ascending cholangitis with common bile duct infection.",(rewritten),editorial review (3rd edition)
2026-10-04 02:08,300-review.json,panc-0001,stem,"47-year-old woman has 12h of progressive onset epigastric and upper abdominal pain and rigors with temperatures up to 39.2°C. Her pulse is 102bpm, blood pressure is 110/70mmHg, and there is mild jaundice present. Which is the single most likely diagnosis? A. Ascending cholangitis B. Biliary colic C. Cholecystitis—acute D. Empyema of the gallbladder E. Hepatic failure The next day, he is rushed ...","A patient with known gallstones and mild jaundice is rushed into the emergency department with severe diffuse abdominal pain, nausea and vomiting. The abdomen is tender with some rigidity in its upper part; bowel sounds are present. Pulse 108/min, BP 105/70 mmHg, respiratory rate 32/min. What is the most likely diagnosis?",editorial review (3rd edition)
2026-10-04 02:08,300-review.json,panc-0001,explanation,Presentation is consistent with acute pancreatitis from bile duct obstruction.,(rewritten),editorial review (3rd edition)
2026-10-04 02:08,300-review.json,panc-0002,stem,Mention TWO important initial steps to establish the diagnosis.,"In this patient with suspected acute pancreatitis, which TWO initial investigations best establish the diagnosis?",editorial review (3rd edition)
2026-10-04 02:08,300-review.json,panc-0002,explanation,Pancreatic enzymes and CT scan are key initial steps for pancreatitis.,(rewritten),editorial review (3rd edition)
2026-10-04 02:08,300-review.json,panc-0003,stem,How can you prove it radiologically?,How can acute pancreatitis be confirmed radiologically in this patient?,editorial review (3rd edition)
2026-10-04 02:08,300-review.json,panc-0003,explanation,CT scan is most reliable to demonstrate pancreatitis radiologically.,(rewritten),editorial review (3rd edition)
2026-10-04 02:08,300-review.json,panc-0004,stem,What is the treatment now?,What is the treatment of this patient with severe acute biliary pancreatitis?,editorial review (3rd edition)
2026-10-04 02:08,300-review.json,panc-0004,options,"[""Oral antibiotics and discharge"", ""Laparoscopic cholecystectomy immediately"", ""Endoscopic stone extraction"", ""Admission to the ICU with adequate resuscitation, analgesia (NSAID’s), and ERCP or cholecystectomy for definitive treatment"", ""Conservative management with dietary restrictions only""]","[""Oral antibiotics and discharge"", ""Laparoscopic cholecystectomy immediately"", ""Endoscopic stone extraction"", ""Admission to HDU/ICU with fluid resuscitation and analgesia, then ERCP (for cholangitis or persisting obstruction) and cholecystectomy for definitive treatment"", ""Conservative management with dietary restrictions only""]",editorial review (3rd edition)
2026-10-04 02:08,300-review.json,panc-0004,explanation,"Management involves ICU care, resuscitation, pain control, and definitive treatment.",(rewritten),editorial review (3rd edition)
2026-10-04 02:08,300-review.json,panc-0005,stem,A 33 year old woman has severe upper abdominal pain with radiation to the back within 24 hours of removing gallstones in the common bile duct by endoscopic retrograde cholangiopancreatography (ERCP). The pain is eased when she leans forward. She reports some nausea and vomiting but denies any diarrhoea. Jaundice is noted and the epigastric region is tender on palpation. Her blood pressure is 12...,A 33-year-old woman has severe upper abdominal pain with radiation to the back within 24 hours of removing gallstones in the common bile duct by endoscopic retrograde cholangiopancreatography (ERCP). The pain is eased when she leans forward. She reports some nausea and vomiting but denies any diarrhoea. Jaundice is noted and the epigastric region is tender on palpation. Her blood pressure is 12...,editorial review (3rd edition)
2026-10-04 02:08,300-review.json,panc-0008,options,"[""The vast majority of the acinar tissue is endocrine."", ""The pancreatic tail snugly fits into the splenic hilum."", ""The pancreatic digestive enzymes are acidic in nature with a pH of 7."", ""The islets of Langerhans have three types of cells producing hormones."", ""The amount of pancreatic juice secreted is 1200 to 1500 mLs in 24 hours.""]","[""The vast majority of the acinar tissue is endocrine."", ""The pancreatic tail snugly fits into the splenic hilum."", ""The pancreatic digestive enzymes are acidic in nature with a pH of 7."", ""The islets of Langerhans contain several hormone-producing cell types (alpha, beta, delta and PP cells)."", ""The amount of pancreatic juice secreted is 1200 to 1500 mLs in 24 hours.""]",editorial review (3rd edition)
2026-10-04 02:08,300-review.json,panc-0009,explanation,A and C are not definitive markers.,(rewritten),editorial review (3rd edition)
2026-10-04 02:08,300-review.json,panc-0011,answer,BC,BCDE,editorial review (3rd edition)
2026-10-04 02:08,300-review.json,panc-0011,explanation,"D. A CECT scan will delineate the damage, E. In doubtful cases, urgent ERCP is helpful. A is false; pancreatic injury is actually rare in blunt trauma.",(rewritten),editorial review (3rd edition)
2026-10-04 02:08,300-review.json,panc-0013,explanation,In severe or necrotizing pancreatitis the enzyme level may not be markedly elevated.,(rewritten),editorial review (3rd edition)
2026-10-04 02:08,300-review.json,panc-0015,explanation,A is false since the incidence post-ERCP is around 1–3%.,(rewritten),editorial review (3rd edition)
2026-10-04 02:08,300-review.json,panc-0017,answer,DE,ADE,editorial review (3rd edition)
2026-10-04 02:08,300-review.json,panc-0017,explanation,Grey–Turner’s and Cullen’s signs are classical for hemorrhagic pancreatitis.,(rewritten),editorial review (3rd edition)
2026-10-04 02:08,300-review.json,panc-0021,options,"[""Establish intravenous access and begin fluid resuscitation with a colloid"", ""Send for a computed tomography scan of the abdomen"", ""Obtain blood to determine haemoglobin and amylase levels"", ""Request an abdominal plain film radiograph"", ""Perform electrocardiography""]","[""Establish large-bore intravenous access, cross-match blood and begin cautious (permissive hypotensive) resuscitation"", ""Send for a computed tomography scan of the abdomen"", ""Obtain blood to determine haemoglobin and amylase levels"", ""Request an abdominal plain film radiograph"", ""Perform electrocardiography""]",editorial review (3rd edition)
2026-10-04 02:08,300-review.json,panc-0021,explanation,Immediate fluid resuscitation is crucial in a ruptured AAA.,(rewritten),editorial review (3rd edition)
2026-10-04 02:08,300-review.json,panc-0021,chapter,panc,acute,editorial review (3rd edition)
2026-10-04 02:08,300-review.json,panc-0024,options,"[""Serum amylase"", ""White cell count"", ""Serum calcium"", ""Alanine aminotransferase"", ""Serum urea""]","[""Serum amylase"", ""White cell count"", ""Serum calcium"", ""Lactate dehydrogenase"", ""Serum urea""]",editorial review (3rd edition)
2026-10-04 02:08,300-review.json,panc-0028,options,"[""5-acetyl salicylic acid"", ""Furosemide"", ""Coxsackie B virus"", ""Hyperlipidaemia"", ""Magnetic resonance cholangiopancreatography""]","[""5-aminosalicylic acid (mesalazine)"", ""Furosemide"", ""Coxsackie B virus"", ""Hyperlipidaemia"", ""Magnetic resonance cholangiopancreatography""]",editorial review (3rd edition)
2026-10-04 02:08,300-review.json,panc-0031,stem,A 50-year-old woman with known gallstones presents with severe epigastric pain radiating to the back together with nausea and vomiting. Examination reveals localized epigastric peritonitis and investigations reveal an amylase of 650 μ/L. Which of the following would indicate a poor prognosis in this condition?,A 50-year-old woman with known gallstones presents with severe epigastric pain radiating to the back together with nausea and vomiting. Examination reveals localised epigastric peritonitis and investigations reveal an amylase of 650 IU/L. Which of the following would indicate a poor prognosis in this condition?,editorial review (3rd edition)
2026-10-04 02:08,300-review.json,panc-0031,options,"[""Amylase of 650 μ/L"", ""Arterial pO2 of 7.0 kPa"", ""Patient age of 50 years"", ""Pyrexia of 38.5°C"", ""White cell count of 10 × 103/μL""]","[""Amylase of 650 IU/L"", ""Arterial pO2 of 7.0 kPa"", ""Patient age of 50 years"", ""Pyrexia of 38.5°C"", ""White cell count of 10 × 10⁹/L""]",editorial review (3rd edition)
2026-10-04 02:08,300-review.json,panc-0035,explanation,Painless obstructive jaundice and palpable gallbladder (Courvoisier’s sign).,(rewritten),editorial review (3rd edition)
2026-10-04 02:08,300-review.json,panc-0039,explanation,"Age >55, WBC >15, Glucose >7 give a Glasgow score of 3.",(rewritten),editorial review (3rd edition)
2026-10-04 02:08,300-review.json,panc-0042,explanation,Surgical resection is indicated for pancreatic cystic neoplasms with suspicious features.,(rewritten),editorial review (3rd edition)
2026-10-04 02:08,300-review.json,panc-0043,explanation,Rectus sheath hematoma presents as a localized mass following trauma.,(rewritten),editorial review (3rd edition)
2026-10-04 02:08,300-review.json,panc-0043,chapter,panc,hernia,editorial review (3rd edition)
2026-10-04 02:08,300-review.json,panc-0050,explanation,"Total pancreatectomy leads to both endocrine and exocrine insufficiency, resulting in diabetes and steatorrhea.",(rewritten),editorial review (3rd edition)
2026-10-04 02:08,300-review.json,panc-0051,stem,"A 23-year-old woman presents with epigastric abdominal pain and nausea. She is afebrile with normal vital signs. On laboratory results she has no leukocytosis with normal levels of bilirubin and alkaline phosphatase. The amylase and lipase are elevated. Ultrasound demonstrates gallstones, normal gallbladder wall thickness, no pericholecystic fluid, and a common bile duct of 3 mm.","A 23-year-old woman presents with epigastric abdominal pain and nausea. She is afebrile with normal vital signs. On laboratory results she has no leukocytosis with normal levels of bilirubin and alkaline phosphatase. The amylase and lipase are elevated. Ultrasound demonstrates gallstones, normal gallbladder wall thickness, no pericholecystic fluid, and a common bile duct of 3 mm. What is the mo...",editorial review (3rd edition)
2026-10-04 02:08,300-review.json,panc-0053,explanation,"Periumbilical bruising, often associated with pancreatitis.",(rewritten),editorial review (3rd edition)
2026-10-04 02:08,300-review.json,panc-0054,explanation,"Suspected gastric cancer (periorbital rash is Acanthosis? Hard LN?), confirm endoscopically. E. Pancreatic pseudocyst 14, In a patient who recovered from acute pancreatitis six weeks earlier, a newly palpable epigastric mass is most consistent with a pancreatic pseudocyst, a common post‐inflammatory complication.",(rewritten),editorial review (3rd edition)
2026-10-04 02:08,300-review.json,panc-0054,chapter,panc,gitum,editorial review (3rd edition)
2026-10-04 02:08,300-review.json,spleen-0001,stem,A 42-year-old man had an acute pancreatitis 6 weeks ago. He attends the surgical clinic for follow up. During examination you felt a palpable mass in the epigastric area. The patient denies any symptoms and he is feeling well since his pancreatitis attack. Vital signs are stable. The most likely provisional diagnosis is: A. a. Palpable stomach cancer B. b. Cystadenoma of the pancreas C. c. Palp...,Anatomy of the spleen. Which of the following statements are true?,editorial review (3rd edition)
2026-10-04 02:08,300-review.json,spleen-0001,options,"[""The splenic vessels are contained within the splenorenal ligament."", ""The splenic artery arises from the left gastric artery."", ""The short gastric branches of the splenic artery lie within the gastrosplenic ligament."", ""The spleen is a major site of immune function."", ""Haemopoiesis occurs in the foetal spleen /// F. The spleen has a major reservoir function of red cell mass.""]","[""The splenic vessels are contained within the splenorenal ligament."", ""The splenic artery arises from the left gastric artery."", ""The short gastric branches of the splenic artery lie within the gastrosplenic ligament."", ""The spleen is a major site of immune function."", ""Haemopoiesis occurs in the foetal spleen.""]",editorial review (3rd edition)
2026-10-04 02:08,300-review.json,spleen-0001,explanation,"Haemopoiesis occurs in the foetal spleen A is correct; B is false because the splenic artery arises from the coeliac trunk; C, D and E are true while the extra statement (F) is false.",(rewritten),editorial review (3rd edition)
2026-10-04 02:08,300-review.json,spleen-0001,notes,,"The original stem had a separate pancreatic pseudocyst question merged into it (42-year-old, palpable epigastric mass 6 weeks after acute pancreatitis; options stomach cancer / pancreatic cystadenoma / liver edge / pancreatic malignancy / pseudocyst; answer E pseudocyst). That question was removed from this stem and exists nowhere else; re-add it to panc if wanted.",editorial review (3rd edition)
2026-10-04 02:08,300-review.json,spleen-0002,stem,Anatomy of the spleen (except question). The following statements are true except:,Anatomy of the spleen. All of the following statements are true except:,editorial review (3rd edition)
2026-10-04 02:08,300-review.json,spleen-0002,options,"[""The spleen lies in front of the left seventh, eighth, and ninth ribs."", ""The tail of the pancreas lies in the splenorenal ligament."", ""The lymphatics of the spleen ultimately drain into the coeliac nodes."", ""The left extremity of the lesser sac lies against the splenic hilum."", ""The inner surface of the spleen has two visceral impressions for the stomach and the splenic flexure of colon.""]","[""The spleen lies in front of the left seventh, eighth, and ninth ribs."", ""The tail of the pancreas lies in the splenorenal ligament."", ""The lymphatics of the spleen ultimately drain into the coeliac nodes."", ""The left extremity of the lesser sac lies against the splenic hilum."", ""The visceral surface has impressions for the stomach, left kidney and splenic flexure of the colon.""]",editorial review (3rd edition)
2026-10-04 02:08,300-review.json,spleen-0002,explanation,"E The inferior mesenteric vein empties into the splenic vein. Statement A is false because the spleen actually lies deep to the left 9th, 10th, and 11th ribs.",(rewritten),editorial review (3rd edition)
2026-10-04 02:08,300-review.json,spleen-0006,options,"[""(A) splenectomy"", ""(B) platelet transfusion when count drops below 50,000/mL"", ""(C) systemic steroids"", ""(D) chemotherapy"", ""(E) expectant management with intervention only if significant bleeding occurs""]","[""Splenectomy"", ""Platelet transfusion when the count drops below 50 000/µL"", ""Systemic steroids"", ""Chemotherapy"", ""Expectant management with intervention only if significant bleeding occurs""]",editorial review (3rd edition)
2026-10-04 02:08,300-review.json,spleen-0006,explanation,systemic steroids Initial management of ITP is with systemic steroids.,(rewritten),editorial review (3rd edition)
2026-10-04 02:08,300-review.json,spleen-0007,stem,"If the patient with ITP has a less dramatic and shorter response over 6–12 months with increasing side effects, what is the next step in management?","A patient with ITP initially responds to steroids, but over 6–12 months the responses become less marked and shorter, with increasing side effects. What is the next step in management?",editorial review (3rd edition)
2026-10-04 02:08,300-review.json,spleen-0007,options,"[""(A) partial splenectomy"", ""(B) splenectomy"", ""(C) increase in steroid dose and frequency"", ""(D) bone marrow transplant"", ""(E) plasmapheresis""]","[""Partial splenectomy"", ""Splenectomy"", ""Increase in steroid dose and frequency"", ""Bone marrow transplant"", ""Plasmapheresis""]",editorial review (3rd edition)
2026-10-04 02:08,300-review.json,spleen-0007,explanation,splenectomy Splenectomy is recommended for steroid-dependent ITP with significant side effects.,(rewritten),editorial review (3rd edition)
2026-10-04 02:08,300-review.json,spleen-0008,explanation,"Bite cells indicate a functional spleen, making them uncharacteristic of hyposplenism.",(rewritten),editorial review (3rd edition)
2026-10-04 02:08,300-review.json,adrenal-0002,explanation,"An aldosterone-producing adenoma causes hypernatraemia, hypokalaemia, and hypertension.",(rewritten),editorial review (3rd edition)
2026-10-04 02:08,300-review.json,adrenal-0004,stem,"A patient with mild skin pigmentation is admitted emergently to your service because of sudden abdominal pain, fever, and a rigid abdomen. Her blood pressure is 88/58 mm Hg. Her blood work indicates a WBC of 25/µL, a blood sugar of 55 mg/dL, a sodium value of 119 mEq/dL, and a potassium value of 6.2 mEq/dL. She undergoes an exploratory laparotomy with no intra-abdominal findings. Which of the f...","A patient with mild skin pigmentation is admitted emergently because of sudden abdominal pain, fever and a rigid abdomen. Her blood pressure is 88/58 mm Hg. Blood tests show WBC 25 000/µL, glucose 55 mg/dL, sodium 119 mEq/L and potassium 6.2 mEq/L. Exploratory laparotomy shows no intra-abdominal pathology. Which of the following is the definitive treatment for her primary condition?",editorial review (3rd edition)
2026-10-04 02:08,300-review.json,adrenal-0006,stem,"A45-year-old woman presents with hypertension, development of facial hair, and a 7-cm suprarenal mass. Which of the following is the most likely diagnosis?","A 45-year-old woman presents with hypertension, development of facial hair and a 7-cm suprarenal mass. Which of the following is the most likely diagnosis?",editorial review (3rd edition)
2026-10-04 02:08,300-review.json,adrenal-0007,stem,"A36-year-old woman presents with palpitations, anxiety, and hypertension. Workup reveals a pheochromocytoma. Which of the following is the best approach to optimizing the patient preoperatively?","A 36-year-old woman presents with palpitations, anxiety and hypertension. Workup reveals a phaeochromocytoma. Which of the following is the best approach to optimising the patient preoperatively?",editorial review (3rd edition)
2026-10-04 02:08,300-review.json,adrenal-0007,options,"[""Fluid restriction 24 hours preoperatively to prevent intraoperative congestive heart failure"", ""Initiation of an α-blocker 24 hours prior to surgery"", ""Initiation of an α-blocker at 1 to 3 weeks prior to surgery"", ""Initiation of a β-blocker 1 to 3 weeks prior to surgery"", ""Escalating antihypertensive drug therapy with β-blockade followed by α-block-ade starting at least 1 week prior to surger...","[""Fluid restriction 24 hours preoperatively to prevent intraoperative congestive heart failure"", ""Initiation of an α-blocker 24 hours prior to surgery"", ""Initiation of an α-blocker at 1 to 3 weeks prior to surgery"", ""Initiation of a β-blocker 1 to 3 weeks prior to surgery"", ""Escalating antihypertensive drug therapy with β-blockade followed by α-blockade starting at least 1 week prior to surgery""]",editorial review (3rd edition)
2026-10-04 02:08,300-review.json,hernia-0001,stem,What is the best surgical option now? Why?,"An obese woman with a strangulated paraumbilical hernia causing small bowel obstruction undergoes emergency surgery, and a segment of gangrenous small bowel is resected. What is the best surgical option for the hernia now, and why?",editorial review (3rd edition)
2026-10-04 02:08,300-review.json,hernia-0001,options,"[""Laparoscopic cholecystectomy"", ""Exploratory laparotomy"", ""Herniotomy with herniorrhaphy (as mesh is CI because of high rate of infection)"", ""Incision and drainage"", ""Laparoscopic hernia repair with mesh""]","[""Laparoscopic cholecystectomy"", ""Exploratory laparotomy"", ""Herniotomy with suture repair (herniorrhaphy); mesh avoided because of the high infection risk in a contaminated field"", ""Incision and drainage"", ""Laparoscopic hernia repair with mesh""]",editorial review (3rd edition)
2026-10-04 02:08,300-review.json,hernia-0001,explanation,Mesh is contraindicated due to high infection risk.,(rewritten),editorial review (3rd edition)
2026-10-04 02:08,300-review.json,hernia-0001,notes,,"Essay case sequence lost its scenario; logical order is hernia-0002, 0003, 0004, then 0001. Stems rewritten to stand alone.",editorial review (3rd edition)
2026-10-04 02:08,300-review.json,hernia-0002,stem,What is the cause of this mass above umbilicus?,An obese middle-aged woman presents with a reducible swelling just above the umbilicus that has slowly enlarged over several months. What is the cause of this mass?,editorial review (3rd edition)
2026-10-04 02:08,300-review.json,hernia-0002,options,"[""Lipoma"", ""Abdominal hernia due to obesity and increased intra-abdominal pressure"", ""Omental cyst"", ""Gastrointestinal stromal tumor"", ""Renal mass""]","[""Lipoma"", ""Paraumbilical hernia due to obesity and raised intra-abdominal pressure"", ""Omental cyst"", ""Gastrointestinal stromal tumor"", ""Renal mass""]",editorial review (3rd edition)
2026-10-04 02:08,300-review.json,hernia-0002,explanation,The mass is an umbilical hernia secondary to obesity.,(rewritten),editorial review (3rd edition)
2026-10-04 02:08,300-review.json,hernia-0003,stem,Three clinical signs to confirm the diagnosis?,Which THREE clinical signs best confirm that this supraumbilical swelling is a paraumbilical hernia?,editorial review (3rd edition)
2026-10-04 02:08,300-review.json,hernia-0003,options,"[""Fever, cough, and dyspnea"", ""Palpable lump above umbilicus, reducibility, and redness & inflammation"", ""Nausea, vomiting, and diarrhea"", ""Weight loss, anemia, and fatigue"", ""Hypertension, tachycardia, and palpitations""]","[""Fever, cough, and dyspnea"", ""Palpable lump above the umbilicus, reducibility and an expansile cough impulse"", ""Nausea, vomiting, and diarrhea"", ""Weight loss, anemia, and fatigue"", ""Hypertension, tachycardia, and palpitations""]",editorial review (3rd edition)
2026-10-04 02:08,300-review.json,hernia-0003,explanation,These are classic signs of an umbilical hernia.,(rewritten),editorial review (3rd edition)
2026-10-04 02:08,300-review.json,hernia-0004,stem,She developed bilious vomiting and central abdominal pain with distention with the x-ray below. What is the study? Findings? And the most likely diagnosis?,"The same woman later develops bilious vomiting and central colicky abdominal pain with distension; the hernia is now tense, tender and irreducible. Her X-ray is shown. What is the study, what does it show, and what is the most likely diagnosis?",editorial review (3rd edition)
2026-10-04 02:08,300-review.json,hernia-0004,explanation,X-ray findings confirm small bowel obstruction from a strangulated hernia.,(rewritten),editorial review (3rd edition)
2026-10-04 02:08,300-review.json,hernia-0005,explanation,Elective surgery should be postponed until euthyroidism is achieved to minimize complications.,(rewritten),editorial review (3rd edition)
2026-10-04 02:08,300-review.json,hernia-0006,explanation,"Recommend surgical exploration and repair as soon as possible, Femoral hernias in elderly women have a high risk of strangulation because the femoral canal is narrow; even though the hernia is currently reducible with a cough impulse, the potential for incarceration makes early surgical repair the definitive and safest management option.",(rewritten),editorial review (3rd edition)
2026-10-04 02:08,300-review.json,hernia-0007,explanation,"20, In a multiparous woman with an irreducible, painless groin lump located just below and lateral to the pubic tubercle, the anatomical location excludes a Spigelian hernia, making it the least likely diagnosis compared to typical inguinal or femoral hernias.",(rewritten),editorial review (3rd edition)
2026-10-04 02:08,300-review.json,hernia-0008,explanation,"Hernias can be subtle, and assuming alcoholic gastritis in an inebriated patient may overlook serious pathology.",(rewritten),editorial review (3rd edition)
2026-10-04 02:08,300-review.json,hernia-0009,explanation,Inguinal hernias predominate in men and femoral hernias carry a higher risk of strangulation due to anatomical constraints.,(rewritten),editorial review (3rd edition)
2026-10-04 02:08,300-review.json,hernia-0010,explanation,"Laparoscopic repair offers advantages in recovery and pain, although bilateral/recurrent cases and chronic pain remain concerns.",(rewritten),editorial review (3rd edition)
2026-10-04 02:08,300-review.json,hernia-0011,explanation,"Polypropylene’s monofilament, hydrophobic nature reduces bacterial adherence and contraction is a known property of synthetic meshes.",(rewritten),editorial review (3rd edition)
2026-10-04 02:08,300-review.json,hernia-0012,explanation,Skin changes may indicate strangulation and the McEvedy approach provides optimal exposure in emergency femoral hernia cases.,(rewritten),editorial review (3rd edition)
2026-10-04 02:08,300-review.json,hernia-0013,options,"[""Most incisional hernias will occur within 2 years of the surgery."", ""Jenkins Rule states that in closing an abdominal incision the length of suture used should be four times the length of the incision. However, this has been disproved."", ""Transverse abdominal incisions are less likely to herniate than vertical incisions."", ""Non-absorbable meshes placed at initial surgery will reduce the risk ...","[""Incisional hernias never develop more than 2 years after the original surgery."", ""Jenkins Rule states that in closing an abdominal incision the length of suture used should be four times the length of the incision. However, this has been disproved."", ""Transverse abdominal incisions are less likely to herniate than vertical incisions."", ""Non-absorbable meshes placed at initial surgery will red...",editorial review (3rd edition)
2026-10-04 02:08,300-review.json,hernia-0013,explanation,"Incisional hernias may develop beyond 2 years and Jenkins Rule remains validated, making these statements incorrect.",(rewritten),editorial review (3rd edition)
2026-10-04 02:08,300-review.json,hernia-0014,options,"[""(A) sliding hiatal hernia"", ""(B) hernia of Bochdalek"", ""(C) hernia of Morgagni"", ""(D) paraesophageal hernia"", ""(E) eventration of the diaphragm""]","[""Sliding hiatal hernia"", ""Hernia of Bochdalek"", ""Hernia of Morgagni"", ""Paraoesophageal hernia"", ""Eventration of the diaphragm""]",editorial review (3rd edition)
2026-10-04 02:08,300-review.json,hernia-0014,explanation,paraesophageal hernia Gastroesophageal junction remains in place while the stomach herniates alongside the esophagus.,(rewritten),editorial review (3rd edition)
2026-10-04 02:08,300-review.json,hernia-0015,options,"[""(A) laparotomy or laparoscopy and operative repair"", ""(B) continued NG tube decompression and initiation of total parenteral nutrition (TPN)"", ""(C) thoracotomy or thoracoscopy and operative repair"", ""(D) endotracheal intubation and ventilatory support"", ""(E) upper endoscopy""]","[""Laparotomy or laparoscopy and operative repair"", ""Continued NG tube decompression and total parenteral nutrition (TPN)"", ""Thoracotomy or thoracoscopy and operative repair"", ""Endotracheal intubation and ventilatory support"", ""Upper endoscopy""]",editorial review (3rd edition)
2026-10-04 02:08,300-review.json,hernia-0015,explanation,laparotomy or laparoscopy and operative repair Definitive surgical repair is required to prevent strangulation in symptomatic paraesophageal hernias.,(rewritten),editorial review (3rd edition)
2026-10-04 02:08,300-review.json,hernia-0016,options,"[""(A) incarcerated direct inguinal hernia"", ""(B) lymph node with abscess"", ""(C) femoral artery aneurysm"", ""(D) incarcerated indirect inguinal hernia"", ""(E) incarcerated femoral hernia""]","[""Incarcerated direct inguinal hernia"", ""Lymph node with abscess"", ""Femoral artery aneurysm"", ""Incarcerated indirect inguinal hernia"", ""Incarcerated femoral hernia""]",editorial review (3rd edition)
2026-10-04 02:08,300-review.json,hernia-0016,explanation,incarcerated femoral hernia The location and exam findings are most consistent with an incarcerated femoral hernia.,(rewritten),editorial review (3rd edition)
2026-10-04 02:08,300-review.json,hernia-0017,options,"[""(A) noncommunicating hydrocele"", ""(B) inguinal adenitis"", ""(C) reducible inguinal hernia"", ""(D) incarcerated inguinal hernia"", ""(E) undescended testes""]","[""Non-communicating hydrocele"", ""Inguinal adenitis"", ""Reducible inguinal hernia"", ""Incarcerated inguinal hernia"", ""Undescended testes""]",editorial review (3rd edition)
2026-10-04 02:08,300-review.json,hernia-0017,explanation,reducible inguinal hernia A reducible inguinal bulge in an infant is most consistent with an inguinal hernia.,(rewritten),editorial review (3rd edition)
2026-10-04 02:08,300-review.json,hernia-0018,options,"[""(A) antibiotics"", ""(B) reassurance that the abnormality will resolve without intervention"", ""(C) referral to the ED for immediate surgical consultation"", ""(D) referral for elective surgical repair"", ""(E) scrotal support""]","[""Antibiotics"", ""Reassurance that the abnormality will resolve without intervention"", ""Referral to the ED for immediate surgical consultation"", ""Referral for elective surgical repair"", ""Scrotal support""]",editorial review (3rd edition)
2026-10-04 02:08,300-review.json,hernia-0018,explanation,referral for elective surgical repair Elective repair is indicated due to the risk of incarceration.,(rewritten),editorial review (3rd edition)
2026-10-04 02:08,300-review.json,hernia-0019,options,"[""(A) urgent surgical exploration"", ""(B) systemic antibiotics"", ""(C) elective surgical repair"", ""(D) sedation with manual reduction and arrangements for elective surgical repair"", ""(E) sedation with manual reduction, admission, rehydration, and surgical repair within 24–48 hours""]","[""Urgent surgical exploration"", ""Systemic antibiotics"", ""Elective surgical repair"", ""Sedation with manual reduction and arrangements for elective surgical repair"", ""Sedation with manual reduction, admission, rehydration, and surgical repair within 24–48 hours""]",editorial review (3rd edition)
2026-10-04 02:08,300-review.json,hernia-0019,explanation,"sedation with manual reduction, admission, rehydration, and surgical repair within 24–48 hours Acute incarceration requires prompt manual reduction followed by timely surgical repair.",(rewritten),editorial review (3rd edition)
2026-10-04 02:08,300-review.json,hernia-0023,explanation,A strangulated hernia is characterized by compromised blood supply leading to bowel necrosis.,(rewritten),editorial review (3rd edition)
2026-10-04 02:08,300-review.json,hernia-0024,explanation,Alert theatre and send the patient for emergency surgery Strangulated hernia requires prompt surgical intervention.,(rewritten),editorial review (3rd edition)
2026-10-04 02:08,300-review.json,hernia-0025,chapter,hernia,paed,editorial review (3rd edition)
2026-10-04 02:08,300-review.json,hernia-0034,explanation,Richter strangulation can occur in the central loop of this W-shaped hernia.,(rewritten),editorial review (3rd edition)
2026-10-04 02:08,300-review.json,hernia-0039,DELETED,,,duplicate of hernia-0006 (r_panc_hernia.tsv:76)
2026-10-04 02:08,300-review.json,hernia-0045,stem,A 67-year-old male has a swelling in the right groin that appears and disappears. It lies above and medial to the pubic tubercle and protrudes on coughing. It reappears even when pressed. What hernia is this most likely to be?,A 67-year-old male has a swelling in the right groin that appears and disappears. It lies above and medial to the pubic tubercle and protrudes on coughing. It reappears despite pressure over the deep inguinal ring. What hernia is this most likely to be?,editorial review (3rd edition)
2026-10-04 02:08,300-review.json,hernia-0049,options,"[""Surgery"", ""Chemotherapy"", ""Umbilical hernia"", ""Femoral hernia"", ""Paraumbilical hernia""]","[""Epigastric hernia"", ""Spigelian hernia"", ""Umbilical hernia"", ""Femoral hernia"", ""Paraumbilical hernia""]",editorial review (3rd edition)
2026-10-04 02:08,300-review.json,hernia-0049,answer,A,C,editorial review (3rd edition)
2026-10-04 02:08,300-review.json,hernia-0049,explanation,"Umbilical hernia Congenital defect at umbilical region, often present from birth.",(rewritten),editorial review (3rd edition)
2026-10-04 02:08,300-review.json,abdemq-0002,options,"[""Insulinoma"", ""Carcinoid"", ""Gastrinoma"", ""Glucagonoma"", ""Nonfunctioning tumor"", ""Polypeptide P-oma"", ""Somatostatinoma"", ""VIPoma""]","[""Insulinoma"", ""Carcinoid"", ""Gastrinoma"", ""Glucagonoma"", ""Non-functioning tumour"", ""PPoma"", ""Somatostatinoma"", ""VIPoma""]",editorial review (3rd edition)
2026-10-04 02:08,300-review.json,abdemq-0002,theme,Pancreatic endocrine tumors,Pancreatic endocrine tumours,editorial review (3rd edition)
2026-10-04 02:08,300-review.json,abdemq-0003,DELETED,,,duplicate of gitemq-0051 (r_panc_hernia.tsv:88)
2026-10-04 02:08,300-review.json,abdemq-0004#2,stem,"A 58-year-old man complains of malaise, bilateral backache, nausea and occasional vomiting for 2 months. Clinically there is nothing significant except for bilateral hydroceles, of which the patient was not aware. Routine blood tests reveal: Hb 10 g/dL, ESR 88, CRP 292, urea 22 mmol/L, creatinine 256 mmol/L, K 6.1 mmol/L, Na 135 mmol/L, Cl 98 mmol/L and HCO₃ 18 mmol/L.","A 58-year-old man complains of malaise, bilateral backache, nausea and occasional vomiting for 2 months. Clinically there is nothing significant except for bilateral hydroceles, of which the patient was not aware. Routine blood tests reveal: Hb 10 g/dL, ESR 88, CRP 292, urea 22 mmol/L, creatinine 256 µmol/L, K 6.1 mmol/L, Na 135 mmol/L, Cl 98 mmol/L and HCO₃ 18 mmol/L.",editorial review (3rd edition)
2026-10-04 02:08,300-review.json,abdemq-0006,theme,10 Splenomegaly,Splenomegaly,editorial review (3rd edition)
2026-10-04 02:08,300-review.json,abdemq-0006#3,answer,,A,editorial review (3rd edition)
2026-10-04 02:08,300-review.json,abdemq-0007,theme,PANCREATIC TUMOURS,Pancreatic tumours,editorial review (3rd edition)
2026-10-04 02:08,300-review.json,abdemq-0007#5,stem,"A 48-year-old woman presents with a long history of foul-smelling, bulky stools that are becoming more frequent and severe. She also reports increased thirst and passing large amounts of dilute urine. On examination, she appears thin and wasted but there is no other abnormality..","A 48-year-old woman presents with a long history of foul-smelling, bulky stools that are becoming more frequent and severe. She also reports increased thirst and passing large amounts of dilute urine. On examination, she appears thin and wasted but there is no other abnormality.",editorial review (3rd edition)
2026-10-04 02:08,300-review.json,abdemq-0007#5,answer,,E,editorial review (3rd edition)
2026-10-04 02:08,300-review.json,abdemq-0008,DELETED,,,duplicate of gitemq-0061 (r_panc_hernia.tsv:109)
2026-10-04 02:08,300-review.json,abdemq-0010#1,stem,A 12-year-old boy undergoing an open excision of an appendix mass secondary to acute appendicitis.,A 12-year-old boy undergoing open excision of an appendix mass secondary to acute appendicitis through an oblique muscle-splitting incision centred on McBurney's point.,editorial review (3rd edition)
2026-10-04 02:08,300-review.json,abdemq-0010#2,stem,A 28-year-old woman with acute lower abdominal pain suspected of a ruptured ovarian and undergoing a diagnostic procedure to confirm the diagnosis.,A 28-year-old woman with acute lower abdominal pain from a suspected ruptured ovarian cyst is undergoing a diagnostic procedure to confirm the diagnosis.,editorial review (3rd edition)
2026-10-04 02:08,300-review.json,abdemq-0010#3,stem,A 43-year-old woman undergoing hysterectomy for intermenstrual bleeding secondary to large uterine leiomyomas (‘fibroids’).,A 43-year-old woman undergoing hysterectomy for intermenstrual bleeding secondary to uterine leiomyomas (‘fibroids’).,editorial review (3rd edition)
2026-10-04 02:08,300-review.json,uti-0001,explanation,,(rewritten),editorial review (3rd edition)
2026-10-04 02:08,300-review.json,uti-0002,stem,Regarding to Preliminary investigations of the urinary ract The following statements are true except:,"Regarding preliminary investigations of the urinary tract, the following statements are true except:",editorial review (3rd edition)
2026-10-04 02:08,300-review.json,uti-0003,stem,Regarding to Infections The following statements are true except:,"Regarding urinary tract infection, the following statements are true except:",editorial review (3rd edition)
2026-10-04 02:08,300-review.json,uti-0003,explanation,"These pathogens thrive in alkaline urine, and UTI presentations are often acute.",(rewritten),editorial review (3rd edition)
2026-10-04 02:08,300-review.json,uti-0004,stem,Which of the following statements are true?,"Regarding upper urinary tract infection, which of the following statements are true?",editorial review (3rd edition)
2026-10-04 02:08,300-review.json,uti-0004,answer,A,ABCDE,editorial review (3rd edition)
2026-10-04 02:08,300-review.json,uti-0004,explanation,Sterile pyuria should alert one to renal tuberculosis; B. Chronic pyelonephritis is linked to reflux; C. Pyonephrosis is usually due to stone obstruction; D. Renal carbuncle is seen in immunocompromised patients; E. Perinephric abscess can result from appendiceal abscess. All statements are true.,(rewritten),editorial review (3rd edition)
2026-10-04 02:08,300-review.json,uti-0005,stem,Regarding to urinary fistulae Which of the following statements is not true?,"Regarding urinary fistulae, which of the following statements is not true?",editorial review (3rd edition)
2026-10-04 02:08,300-review.json,uti-0005,explanation,Such fistulas typically require surgical repair.,(rewritten),editorial review (3rd edition)
2026-10-04 02:08,300-review.json,uti-0006,stem,Regarding to UTI and cystitis Which of the following statements are true?,"Regarding UTI and cystitis, which of the following statements are true?",editorial review (3rd edition)
2026-10-04 02:08,300-review.json,uti-0006,answer,A,ABCE,editorial review (3rd edition)
2026-10-04 02:08,300-review.json,uti-0006,explanation,B. Cystoscopy and imaging are essential in recurrent infections; C. Sterile pyuria is a sinister finding; E. Carcinoma in situ might present as recurrent abacterial cystitis. Tuberculous cystitis typically results from a descending infection rather than haematogenous spread.,(rewritten),editorial review (3rd edition)
2026-10-04 02:08,300-review.json,uti-0007,stem,Regarding to Inflammation of the urethra Which of the following statements are true?,"Regarding inflammation of the urethra, which of the following statements are true?",editorial review (3rd edition)
2026-10-04 02:08,300-review.json,uti-0007,explanation,A is false – meatal ulcers in middle‐aged men are not typical of STD; the other statements are correct.,(rewritten),editorial review (3rd edition)
2026-10-04 02:08,300-review.json,uti-0008,stem,Regarding to Epididymo -orchitis Which of the following statements are true?,"Regarding epididymo-orchitis, which of the following statements are true?",editorial review (3rd edition)
2026-10-04 02:08,300-review.json,uti-0011,explanation,N. gonorrhoeae is a glucose-fermenting Gram-negative diplococcus.,(rewritten),editorial review (3rd edition)
2026-10-04 02:08,300-review.json,uti-0013,options,"[""Hydronephrosis"", ""Pelvic kidney"", ""Posterior urethral valve"", ""Renal agenesis"", ""Vesica-ureteric reflux""]","[""Hydronephrosis"", ""Pelvic kidney"", ""Posterior urethral valve"", ""Renal agenesis"", ""Vesicoureteric reflux""]",editorial review (3rd edition)
2026-10-04 02:08,300-review.json,uti-0014,explanation,E. coli is the most common cause of uncomplicated UTIs in young women.,(rewritten),editorial review (3rd edition)
2026-10-04 02:08,300-review.json,uti-0015,explanation,Monitoring blood glucose is crucial in diabetic patients presenting with infection.,(rewritten),editorial review (3rd edition)
2026-10-04 02:08,300-review.json,uti-0017,explanation,Severe UTI with high fever => IV therapy preferred initially.,(rewritten),editorial review (3rd edition)
2026-10-04 02:08,300-review.json,uti-0018,explanation,Frequency/dysuria/haematuria + suprapubic tenderness => cystitis.,(rewritten),editorial review (3rd edition)
2026-10-04 02:08,300-review.json,uti-0019,chapter,uti,stone,editorial review (3rd edition)
2026-10-04 02:08,300-review.json,stone-0001,explanation,,(rewritten),editorial review (3rd edition)
2026-10-04 02:08,300-review.json,stone-0002,explanation,,(rewritten),editorial review (3rd edition)
2026-10-04 02:08,300-review.json,stone-0003,stem,Regarding to Pain of urological origin Which of the following statements are true?,"Regarding pain of urological origin, which of the following statements are true?",editorial review (3rd edition)
2026-10-04 02:08,300-review.json,stone-0003,explanation,"Characteristics of renal, ureteric, bladder and perineal pain differ; note that large lesions typically do not produce a constant ache.",(rewritten),editorial review (3rd edition)
2026-10-04 02:08,300-review.json,stone-0004,stem,Regarding to Imaging in urological conditions Which of the following statements are true?,"Regarding imaging in urological conditions, which of the following statements are true?",editorial review (3rd edition)
2026-10-04 02:08,300-review.json,stone-0005,stem,Which of the following statements are true except:,"Regarding urological imaging, the following statements are true except:",editorial review (3rd edition)
2026-10-04 02:08,300-review.json,stone-0005,explanation,Venography is outdated; current practice favors CT or MRI for evaluating IVC invasion.,(rewritten),editorial review (3rd edition)
2026-10-04 02:08,300-review.json,stone-0006,stem,Regarding to Renal calculi Which of the following statements are true?,"Regarding renal calculi, which of the following statements are true?",editorial review (3rd edition)
2026-10-04 02:08,300-review.json,stone-0006,answer,A,ABCE,editorial review (3rd edition)
2026-10-04 02:08,300-review.json,stone-0006,explanation,"The common bacteria include staphylococci, streptococci, and Proteus; B. Hyperparathyroidism is found in ≤5%; C. Parathyroid adenoma should be removed before calculus treatment; E. A staghorn calculus is composed of calcium-ammonium-magnesium phosphate. Since uric acid stones are radiolucent, D is incorrect.",(rewritten),editorial review (3rd edition)
2026-10-04 02:08,300-review.json,stone-0007,stem,Which of the following statements are false?,"Regarding renal and ureteric calculi, which of the following statements are false?",editorial review (3rd edition)
2026-10-04 02:08,300-review.json,stone-0008,answer,A,ABCDE,editorial review (3rd edition)
2026-10-04 02:08,300-review.json,stone-0008,explanation,Plain KUB x-ray; B. Spiral CT scan; C. IVU; D. Ultrasound (US) Retrograde pyelography is invasive and not routinely used.,(rewritten),editorial review (3rd edition)
2026-10-04 02:08,300-review.json,stone-0009,stem,Regarding to Management of urinary calculi The following statements are true except:,"Regarding management of urinary calculi, the following statements are true except:",editorial review (3rd edition)
2026-10-04 02:08,300-review.json,stone-0009,explanation,"Stones <5 mm are more likely to pass spontaneously, and typically the better functioning kidney is treated first.",(rewritten),editorial review (3rd edition)
2026-10-04 02:08,300-review.json,stone-0010,answer,AD,AB,editorial review (3rd edition)
2026-10-04 02:08,300-review.json,stone-0010,explanation,"Intervention is often required before 6 weeks, and rapid pain resolution may indicate obstruction rather than passage.",(rewritten),editorial review (3rd edition)
2026-10-04 02:08,300-review.json,stone-0011,stem,Regarding to Bladder stones Which of the following statements are true?,"Regarding bladder stones, which of the following statements are true?",editorial review (3rd edition)
2026-10-04 02:08,300-review.json,stone-0011,explanation,"In men with stones and outflow obstruction, both can be addressed simultaneously. Optical lithotrites are not used universally; treatment modalities may vary.",(rewritten),editorial review (3rd edition)
2026-10-04 02:08,300-review.json,stone-0014,options,"[""Xanthine"", ""Uric acid"", ""(Triple) phosphate"", ""Calcium oxalate"", ""Cysteine""]","[""Xanthine"", ""Uric acid"", ""(Triple) phosphate"", ""Calcium oxalate"", ""Cystine""]",editorial review (3rd edition)
2026-10-04 02:08,300-review.json,stone-0014,explanation,About 90% of renal stones are composed of calcium oxalate.,(rewritten),editorial review (3rd edition)
2026-10-04 02:08,300-review.json,stone-0015,stem,Investigation of urinary calculi : A 30-year-old PhD student with acute colicky left loin pain suggestive of urinary calculi should have which initial investigation?,A 30-year-old PhD student has acute colicky left loin pain suggestive of a urinary calculus. Which initial investigation should he have?,editorial review (3rd edition)
2026-10-04 02:08,300-review.json,stone-0015,explanation,A plain KUB radiograph is the investigation of choice for urinary calculi.,(rewritten),editorial review (3rd edition)
2026-10-04 02:08,300-review.json,stone-0017,options,"[""Xanthine"", ""Uric acid"", ""(Triple) phosphate"", ""Calcium oxalate"", ""Cysteine""]","[""Xanthine"", ""Uric acid"", ""(Triple) phosphate"", ""Calcium oxalate"", ""Cystine""]",editorial review (3rd edition)
2026-10-04 02:08,300-review.json,stone-0017,explanation,Negatively birefringent crystals point to a uric acid calculus.,(rewritten),editorial review (3rd edition)
2026-10-04 02:08,300-review.json,stone-0018,stem,"Diagnosis of abdominal pain A 49-year-old postmenopausal woman is admitted following severe attacks of abdominal pain, nausea and vomiting. The pain is colicky in nature, starting from the left flank and radiating to the left groin. You are unable to obtain a history as she is writhing in pain. On examination, she is sweating profusely. What is the most likely diagnosis?","A 49-year-old postmenopausal woman is admitted following severe attacks of abdominal pain, nausea and vomiting. The pain is colicky in nature, starting from the left flank and radiating to the left groin. You are unable to obtain a history as she is writhing in pain. On examination, she is sweating profusely. What is the most likely diagnosis?",editorial review (3rd edition)
2026-10-04 02:08,300-review.json,stone-0019,stem,"Investigation of abdominal pain (2) From the list below, select the investigation that will be of more diagnostic value for the condition in Question 25.","A 49-year-old woman has severe colicky left flank pain radiating to the left groin, with nausea and vomiting; renal colic is suspected. Which investigation will be of most diagnostic value?",editorial review (3rd edition)
2026-10-04 02:08,300-review.json,stone-0019,explanation,CT scan is the gold standard for diagnosing renal stones.,(rewritten),editorial review (3rd edition)
2026-10-04 02:08,300-review.json,stone-0022,options,"[""Calcium"", ""Cholesterol"", ""Cysteine"", ""Magnesium ammonium phosphate"", ""Uric acid""]","[""Calcium"", ""Cholesterol"", ""Cystine"", ""Magnesium ammonium phosphate"", ""Uric acid""]",editorial review (3rd edition)
2026-10-04 02:08,300-review.json,stone-0026,explanation,Acute flank (loin-to-groin) colicky pain with hematuria is classic for ureteric stone.,(rewritten),editorial review (3rd edition)
2026-10-04 02:08,300-review.json,stone-0027,explanation,Alkalinizes urine preventing uric acid stone formation.,(rewritten),editorial review (3rd edition)
2026-10-04 02:08,300-review.json,renal-0001,explanation,,(rewritten),editorial review (3rd edition)
2026-10-04 02:08,300-review.json,renal-0002,explanation,,(rewritten),editorial review (3rd edition)
2026-10-04 02:08,300-review.json,renal-0003,options,"[""It is a tumour of embryonic nephrogenic tissue occurring below the age of 5 years."", ""Haematuria and fever are the most common presentations."", ""Lymphatic spread is rare."", ""Imaging modalities are US, CT and MRI."", ""Treatment is by chemotherapy, surgery and radiotherapy.""]","[""It is a tumour of embryonic nephrogenic tissue occurring below the age of 5 years."", ""Haematuria and fever are the most common presentations."", ""Haematogenous spread is mainly to the lungs."", ""Imaging modalities are US, CT and MRI."", ""Treatment is by chemotherapy, surgery and radiotherapy.""]",editorial review (3rd edition)
2026-10-04 02:08,300-review.json,renal-0004,stem,Which of the following statements are true about hypernephroma?,Which of the following statements about hypernephroma (renal cell carcinoma) are true?,editorial review (3rd edition)
2026-10-04 02:08,300-review.json,renal-0004,options,"[""In 25% of patients there are no local symptoms."", ""A left-sided varicocele might be a presenting feature in a male."", ""Haematuria and clot colic are the most common presentations."", ""IVU, US and CECT are the imaging methods of choice."", ""Following nephrectomy, chemotherapy and radiotherapy should be given.""]","[""In 25% of patients there are no local symptoms."", ""A left-sided varicocele might be a presenting feature in a male."", ""Haematuria and clot colic are the most common presentations."", ""US and contrast-enhanced CT are the imaging methods of choice."", ""Following nephrectomy, chemotherapy and radiotherapy should be given.""]",editorial review (3rd edition)
2026-10-04 02:08,300-review.json,renal-0004,answer,AB,ABCD,editorial review (3rd edition)
2026-10-04 02:08,300-review.json,renal-0004,explanation,"uria and clot colic are common presentations; D. IVU, US and CECT are the imaging methods of choice. Renal cell carcinoma is primarily managed surgically as it is resistant to chemo/radiotherapy.",(rewritten),editorial review (3rd edition)
2026-10-04 02:08,300-review.json,renal-0005,options,"[""It is an incidental finding in approximately 30% of patients"", ""Women are more commonly affected than men"", ""Approximately 5% of cases are familial"", ""Renal cell carcinoma accounts for around 3% of adult cancers"", ""Metastases are poorly visualized by standard imaging techniques""]","[""It is an incidental finding in fewer than 10% of patients"", ""Women are more commonly affected than men"", ""Approximately 20% of cases are familial"", ""Renal cell carcinoma accounts for around 3% of adult cancers"", ""Metastases are poorly visualized by standard imaging techniques""]",editorial review (3rd edition)
2026-10-04 02:08,300-review.json,renal-0007,explanation,"Clinical evidence of neurological or ocular disease raises the possibility of von Hippel–Lindau disease, which is a dominantly inherited disease characterized by a defective gene on chromosome 3p25–26. Genetic counselling may facilitate screening of other family members. The only curative treatment for adenocarcinoma of the kidney is total nephrectomy; partial nephrectomy may be considered in s...",(rewritten),editorial review (3rd edition)
2026-10-04 02:08,300-review.json,renal-0008,explanation,Renal ultrasound is appropriate to evaluate renal pathology causing haematuria.,(rewritten),editorial review (3rd edition)
2026-10-04 02:08,300-review.json,renal-0008,chapter,renal,uti,editorial review (3rd edition)
2026-10-04 02:08,300-review.json,renal-0011,explanation,Von-Hippel Lindau disease is associated with mutations in the VHL tumor suppressor gene on chromosome 3.,(rewritten),editorial review (3rd edition)
2026-10-04 02:08,300-review.json,renal-0012,explanation,Possible renal tumour => CT abdomen is key investigation.,(rewritten),editorial review (3rd edition)
2026-10-04 02:08,300-review.json,urogen-0001,explanation,,(rewritten),editorial review (3rd edition)
2026-10-04 02:08,300-review.json,urogen-0002,explanation,,(rewritten),editorial review (3rd edition)
2026-10-04 02:08,300-review.json,urogen-0003,explanation,,(rewritten),editorial review (3rd edition)
2026-10-04 02:08,300-review.json,urogen-0004,explanation,"This patient has a low-grade renal injury according to the Urologic Injury Scale of the American Association for the Surgery of Trauma; these injuries can be managed nonoperatively with a high success rate. The organ injury scale utilizes 5 grades of injury, ranging from contusion or subcapsular hematoma (I) to shattered kidney or avulsion of the hilum (V). Grade II consists of a nonexpanding p...",(rewritten),editorial review (3rd edition)
2026-10-04 02:08,300-review.json,urogen-0005,explanation,"If a urethral injury is suspected, a retrograde urethrogram should be performed before attempting to place a Foley catheter. If there is a significant urethral disruption, a suprapubic catheter should be placed. Urethral injuries can be associated with pelvic fractures, and suspicion of a urethral injury should be increased if any of the following signs are present: blood at the urethral meatus...",(rewritten),editorial review (3rd edition)
2026-10-04 02:08,300-review.json,urogen-0006,explanation,"The management of bladder injuries is dependent on its location and concomitant injuries. Extraperitoneal bladder injuries can be treated with initial catheter drainage followed by repeat imaging to confirm healing. Surgical repair for extraperitoneal bladder injuries is indicated at the time of internal fixation of the pelvis to prevent infection of the hardware, if there is a need for operati...",(rewritten),editorial review (3rd edition)
2026-10-04 02:08,300-review.json,uroemerg-0001,explanation,,(rewritten),editorial review (3rd edition)
2026-10-04 02:08,300-review.json,uroemerg-0002,explanation,,(rewritten),editorial review (3rd edition)
2026-10-04 02:08,300-review.json,uroemerg-0003,stem,Regarding to Renal failure Which of the following statements is false?,"Regarding renal failure, which of the following statements is false?",editorial review (3rd edition)
2026-10-04 02:08,300-review.json,uroemerg-0003,options,"[""Anuria is defined as complete absence of urine production."", ""Oliguria is defined as urinary output of less than 300 mL in 24 hours."", ""Certain drugs can cause renal failure."", ""All patients with renal failure will require renal replacement therapy."", ""Indwelling stents can be used to relieve ureteric obstruction.""]","[""Anuria is defined as complete absence of urine production."", ""Oliguria is defined as urinary output of less than 400 mL in 24 hours."", ""Certain drugs can cause renal failure."", ""All patients with renal failure will require renal replacement therapy."", ""Indwelling stents can be used to relieve ureteric obstruction.""]",editorial review (3rd edition)
2026-10-04 02:08,300-review.json,uroemerg-0004,stem,Regarding to Renal injury Which of the following statements are true?,"Regarding renal injury, which of the following statements are true?",editorial review (3rd edition)
2026-10-04 02:08,300-review.json,uroemerg-0004,answer,A,ABDE,editorial review (3rd edition)
2026-10-04 02:08,300-review.json,uroemerg-0004,explanation,"Haematuria following trivial injury indicates a pathological kidney; B. Closed renal injury is usually extraperitoneal; D. Urgent imaging should be performed; E. Hypertension can be a long-term complication. Trivial trauma can uncover underlying pathology; most closed injuries are managed non-operatively, though imaging is essential and scarring may lead to hypertension.",(rewritten),editorial review (3rd edition)
2026-10-04 02:08,300-review.json,uroemerg-0005,stem,Regarding to Ureteric injury Which of the following statements are false?,"Regarding ureteric injury, which of the following statements are false?",editorial review (3rd edition)
2026-10-04 02:08,300-review.json,uroemerg-0006,stem,Regarding to Hydronephrosis Which of the following statements are true?,"Regarding rupture of the bladder, which of the following statements are true?",editorial review (3rd edition)
2026-10-04 02:08,300-review.json,uroemerg-0006,options,"[""Extraperitoneal rupture is more common than intraperitoneal rupture."", ""Extraperitoneal rupture mimics rupture of membranous urethra."", ""CT scan is the investigation of choice."", ""Retrograde cystography is useful in making a diagnosis."", ""Laparotomy is required in all cases of bladder rupture.""]","[""Extraperitoneal rupture is more common than intraperitoneal rupture."", ""Extraperitoneal rupture mimics rupture of membranous urethra."", ""CT cystography is the investigation of choice."", ""Retrograde cystography is useful in making a diagnosis."", ""Laparotomy is required in all cases of bladder rupture.""]",editorial review (3rd edition)
2026-10-04 02:08,300-review.json,uroemerg-0006,answer,A,ABCD,editorial review (3rd edition)
2026-10-04 02:08,300-review.json,uroemerg-0006,explanation,B. It mimics rupture of membranous urethra; C. CT scan is the investigation of choice; D. Retrograde cystography is useful. Laparotomy is not always necessary for extraperitoneal ruptures.,(rewritten),editorial review (3rd edition)
2026-10-04 02:08,300-review.json,uroemerg-0007,stem,Regarding to Retention of urine In acute retention the following statements are true except:,"In acute retention of urine, the following statements are true except:",editorial review (3rd edition)
2026-10-04 02:08,300-review.json,uroemerg-0007,explanation,The balloon should be inflated only after confirming proper catheter placement to avoid urethral trauma.,(rewritten),editorial review (3rd edition)
2026-10-04 02:08,300-review.json,uroemerg-0008,stem,In chronic retention which of the following statements are true?,"In chronic retention of urine, which of the following statements are true?",editorial review (3rd edition)
2026-10-04 02:08,300-review.json,uroemerg-0008,answer,BCD,BCDE,editorial review (3rd edition)
2026-10-04 02:08,300-review.json,uroemerg-0008,explanation,Intermittent self-catheterisation is a treatment option; E. Bladder dysfunction can occur after radical rectal excision. Chronic retention is typically painless; severe pain is uncommon.,(rewritten),editorial review (3rd edition)
2026-10-04 02:08,300-review.json,uroemerg-0009,stem,Regarding to Incontinence of urine Which of the following statements is false?,"Regarding incontinence of urine, which of the following statements is false?",editorial review (3rd edition)
2026-10-04 02:08,300-review.json,uroemerg-0009,options,"[""Urodynamic studies are essential in the investigation of urinary incontinence."", ""In men with bladder outflow obstruction, 50% have detrusor instability."", ""Genuine stress incontinence (GSI) is from increased true detrusor pressure."", ""Vesicourethral fistula might be a cause in the female."", ""Intravesical Botox injection has a role in treatment.""]","[""Urodynamic studies have an important role in the investigation of urinary incontinence."", ""In men with bladder outflow obstruction, 50% have detrusor instability."", ""Genuine stress incontinence (GSI) is from increased true detrusor pressure."", ""Vesicovaginal fistula might be a cause in the female."", ""Intravesical Botox injection has a role in treatment.""]",editorial review (3rd edition)
2026-10-04 02:08,300-review.json,uroemerg-0009,explanation,"Stress incontinence is due to increased intra‐abdominal pressure, not detrusor overactivity.",(rewritten),editorial review (3rd edition)
2026-10-04 02:08,300-review.json,uroemerg-0010,stem,"In bulbous urethral rupture, which of the following statements are true?","In bulbar urethral rupture, which of the following statements are true?",editorial review (3rd edition)
2026-10-04 02:08,300-review.json,uroemerg-0010,explanation,"Bulbar urethral rupture is marked by trauma, retention, perineal haematoma and the need for suprapubic catheterisation (catheterisation is contraindicated).",(rewritten),editorial review (3rd edition)
2026-10-04 02:08,300-review.json,uroemerg-0012,stem,Regarding to Testicular torsion Which of the following statements are true?,"Regarding testicular torsion, which of the following statements are true?",editorial review (3rd edition)
2026-10-04 02:08,300-review.json,uroemerg-0013,chapter,uroemerg,metab,editorial review (3rd edition)
2026-10-04 02:08,300-review.json,uroemerg-0014,chapter,uroemerg,metab,editorial review (3rd edition)
2026-10-04 02:08,300-review.json,uroemerg-0017,chapter,uroemerg,metab,editorial review (3rd edition)
2026-10-04 02:08,300-review.json,uroemerg-0024,explanation,Urinary retention is a recognized complication of bilateral hernia repair and may be precipitated by prostatic hypertrophy and anaesthetic drugs.,(rewritten),editorial review (3rd edition)
2026-10-04 02:08,300-review.json,uroemerg-0025,explanation,High-flow priapism is typically due to trauma and involves the glans and corpus spongiosum.,(rewritten),editorial review (3rd edition)
2026-10-04 02:08,300-review.json,uroemerg-0026,answer,B,A,editorial review (3rd edition)
2026-10-04 02:08,300-review.json,uroemerg-0026,explanation,Correcting underlying anaemia in sickle cell crisis can help resolve priapism.,(rewritten),editorial review (3rd edition)
2026-10-04 02:08,300-review.json,uroemerg-0028,explanation,"Whilst retention is painful, the significant potential complication is renal failure. Further attempts to pass a urethral catheter are unlikely to be successful and may result in a ‘false passage’. Suprapubic catheterization is not advisable in the presence of haematuria in case the patient is bleeding from a bladder neoplasm, which may spread up the catheterization tract. Urological advice sho...",(rewritten),editorial review (3rd edition)
2026-10-04 02:08,300-review.json,uroemerg-0032,chapter,uroemerg,scrotum,editorial review (3rd edition)
2026-10-04 02:08,300-review.json,uroemerg-0033,DELETED,,,duplicate of urogen-0006 (r_uro1.tsv:105)
2026-10-04 02:08,300-review.json,uroemerg-0036,explanation,"Infection common in young men, leucocytes/nitrites positive.",(rewritten),editorial review (3rd edition)
2026-10-04 02:08,300-review.json,uroemerg-0037,explanation,TURP syndrome from irrigation fluid absorption -> water intoxication.,(rewritten),editorial review (3rd edition)
2026-10-04 02:08,300-review.json,uroemerg-0038,explanation,Likely acute urinary retention with distended bladder => decompress first.,(rewritten),editorial review (3rd edition)
2026-10-04 02:08,300-review.json,prostate-0001,explanation,,(rewritten),editorial review (3rd edition)
2026-10-04 02:08,300-review.json,prostate-0002,explanation,,(rewritten),editorial review (3rd edition)
2026-10-04 02:08,300-review.json,prostate-0003,stem,The following statements are true except:,"Regarding the anatomy of the prostate, the following statements are true except:",editorial review (3rd edition)
2026-10-04 02:08,300-review.json,prostate-0004,stem,Which of the following statements are true? Luteinising hormone (LH) from the anterior pituitary controls the secretion of testosterone. Leydig cells from the testes secrete 90% of the testosterone. The enzyme 5-reductase type II is found in high concentration in the prostate. 5-reductase converts testosterone into 1.5-dihydrotestosterone (DHT). Prostate-specific antigen (PSA) is both specific ...,"Regarding the hormonal control of the prostate, which of the following statements are true?",editorial review (3rd edition)
2026-10-04 02:08,300-review.json,prostate-0004,options,"[""LH from the anterior pituitary controls testosterone secretion."", ""Leydig cells from the testes secrete 90% of testosterone."", ""5-reductase type II is found in high concentration in the prostate."", ""5-reductase converts testosterone into 1.5-dihydrotestosterone (DHT)."", ""Prostate-specific antigen (PSA) is both specific and sensitive in the diagnosis of prostate cancer.""]","[""LH from the anterior pituitary controls testosterone secretion."", ""Leydig cells of the testes secrete 90% of testosterone."", ""5α-reductase type II is found in high concentration in the prostate."", ""5α-reductase converts testosterone into 5α-dihydrotestosterone (DHT)."", ""Prostate-specific antigen (PSA) is both specific and sensitive in the diagnosis of prostate cancer.""]",editorial review (3rd edition)
2026-10-04 02:08,300-review.json,prostate-0004,answer,A,ABCD,editorial review (3rd edition)
2026-10-04 02:08,300-review.json,prostate-0004,explanation,LH controls testosterone secretion; B. Leydig cells secrete 90% of testosterone; C. 5-reductase type II is abundant in the prostate; D. 5-reductase converts testosterone into DHT. PSA is neither highly specific nor highly sensitive.,(rewritten),editorial review (3rd edition)
2026-10-04 02:08,300-review.json,prostate-0005,answer,A,ABCD,editorial review (3rd edition)
2026-10-04 02:08,300-review.json,prostate-0005,explanation,nger patients have a positive family history; C. Prostate cancer can develop after prostatectomy for BPH; D. It mostly originates in the peripheral zone. PSA is not extremely reliable as a screening tool due to its low specificity.,(rewritten),editorial review (3rd edition)
2026-10-04 02:08,300-review.json,prostate-0006,stem,Which of the following statements are true except:,"Regarding carcinoma of the prostate, the following statements are true except:",editorial review (3rd edition)
2026-10-04 02:08,300-review.json,prostate-0008,answer,A,ABCD,editorial review (3rd edition)
2026-10-04 02:08,300-review.json,prostate-0008,explanation,"TRUS-guided biopsy; B. Cross-sectional MRI; C. Bone scan; D. General blood tests, PSA and LFTs. IVU is not routinely used in prostate cancer evaluation.",(rewritten),editorial review (3rd edition)
2026-10-04 02:08,300-review.json,prostate-0009,stem,"Regarding treatment, which of the following statements are true except?","Regarding the treatment of prostate cancer, the following statements are true except:",editorial review (3rd edition)
2026-10-04 02:08,300-review.json,prostate-0010,stem,Which of the following statements are true?,"Regarding benign prostatic hyperplasia (BPH), which of the following statements are true?",editorial review (3rd edition)
2026-10-04 02:08,300-review.json,prostate-0010,answer,A,ABCE,editorial review (3rd edition)
2026-10-04 02:08,300-review.json,prostate-0010,explanation,It is the most common cause of BOO; B. Decrease in testosterone with a relative increase in oestrogens causes BPH; C. It affects the transitional and central zones; E. The prostatic urethra is elongated in BPH. Not all LUTS in elderly men are attributable to BPH.,(rewritten),editorial review (3rd edition)
2026-10-04 02:08,300-review.json,prostate-0011,answer,A,ABC,editorial review (3rd edition)
2026-10-04 02:08,300-review.json,prostate-0011,explanation,Voided volume >200 mL with peak flow >15 mL/s is normal; B. Voiding pressure <60 cm H₂ O is normal; C. Increased voiding pressure with low flow indicates BOO; D. Residual volume ≥250 mL may lead to bilateral hydronephrosis. BOO can result from conditions other than BPH.,(rewritten),editorial review (3rd edition)
2026-10-04 02:08,300-review.json,prostate-0012,explanation,These investigations are not routinely necessary for LUTS evaluation.,(rewritten),editorial review (3rd edition)
2026-10-04 02:08,300-review.json,prostate-0013,stem,Regarding to Management of BPH causing BOO Which of the following statements are true?,"Regarding management of BPH causing bladder outflow obstruction, which of the following statements are true?",editorial review (3rd edition)
2026-10-04 02:08,300-review.json,prostate-0013,answer,BCD,BCDE,editorial review (3rd edition)
2026-10-04 02:08,300-review.json,prostate-0013,explanation,E. Low flow rate and residual volume indicate surgery. Acute retention does not universally require prostatectomy.,(rewritten),editorial review (3rd edition)
2026-10-04 02:08,300-review.json,prostate-0015,options,"[""(A) radical prostatectomy"", ""(B) transurethral prostatectomy"", ""(C) cytotoxic chemotherapy"", ""(D) hormonal manipulation"", ""(E) radiotherapy""]","[""Radical prostatectomy"", ""Transurethral prostatectomy"", ""Cytotoxic chemotherapy"", ""Hormonal manipulation"", ""Radiotherapy""]",editorial review (3rd edition)
2026-10-04 02:08,300-review.json,prostate-0015,explanation,hormonal manipulation Metastatic prostate cancer is best managed with hormonal therapy (orchiectomy or androgen blockade).,(rewritten),editorial review (3rd edition)
2026-10-04 02:08,300-review.json,prostate-0016,options,"[""They account for 5%–10% of male malignancy in the United Kingdom"", ""Seminomas are more common than non-seminomatous germ cell tumours"", ""Teratomas commonly present between the ages of 30 and 50 years"", ""Seminomas secrete α-fetoprotein and ß-human chorionic gonadotrophin"", ""5-year survival for seminomas is approximately 90%""]","[""They account for 5%–10% of male malignancy in the United Kingdom"", ""Seminomas most commonly present between the ages of 15 and 25 years"", ""Teratomas commonly present between the ages of 30 and 50 years"", ""Seminomas secrete α-fetoprotein and ß-human chorionic gonadotrophin"", ""5-year survival for seminomas is over 95%""]",editorial review (3rd edition)
2026-10-04 02:08,300-review.json,prostate-0016,explanation,% Seminomas have an excellent 5-year survival rate of around 90%.,(rewritten),editorial review (3rd edition)
2026-10-04 02:08,300-review.json,prostate-0016,chapter,prostate,scrotum,editorial review (3rd edition)
2026-10-04 02:08,300-review.json,prostate-0017,chapter,prostate,scrotum,editorial review (3rd edition)
2026-10-04 02:08,300-review.json,prostate-0018,explanation,"In reality, HPV infection increases the risk; thus the statement is false.",(rewritten),editorial review (3rd edition)
2026-10-04 02:08,300-review.json,prostate-0018,chapter,prostate,urogen,editorial review (3rd edition)
2026-10-04 02:08,300-review.json,prostate-0019,chapter,prostate,urogen,editorial review (3rd edition)
2026-10-04 02:08,300-review.json,prostate-0020,stem,Anatomy of the prostate gland : Which of the following vessels contributes to the blood supply of the prostate gland?,Which of the following vessels contributes to the blood supply of the prostate gland?,editorial review (3rd edition)
2026-10-04 02:08,300-review.json,prostate-0021,stem,"An 80-year-old man with urinary frequency, slow stream and terminal dribbling is found to have a smoothly enlarged prostate. Which layer is most likely enlarged?","An 80-year-old man with urinary frequency, slow stream and terminal dribbling is found to have a smoothly enlarged prostate. Which zone of the prostate is most likely enlarged?",editorial review (3rd edition)
2026-10-04 02:08,300-review.json,prostate-0022,explanation,The prostate cancer in this case is staged as T2 Nx Mx.,(rewritten),editorial review (3rd edition)
2026-10-04 02:08,300-review.json,prostate-0023,stem,"Acute urinary retention A 75-year-old man is admitted with acute-onset suprapubic pain and inability to pass urine for 2 days. On examination, the patient is in discomfort, neurologically intact, and the abdomen is particularly tender in the suprapubic region. A digital rectal examination reveals a smooth, enlarged prostate. What is the most likely diagnosis?","A 75-year-old man is admitted with acute-onset suprapubic pain and inability to pass urine for 2 days. On examination, the patient is in discomfort, neurologically intact, and the abdomen is particularly tender in the suprapubic region. A digital rectal examination reveals a smooth, enlarged prostate. What is the most likely diagnosis?",editorial review (3rd edition)
2026-10-04 02:08,300-review.json,prostate-0024,stem,"Management of acute urinary retention From the list of options below, select the most appropriate course of action to take in managing the patient in Question 20.","A 75-year-old man has acute suprapubic pain and inability to pass urine for 2 days; rectal examination shows a smooth, enlarged prostate. What is the most appropriate course of action in managing him?",editorial review (3rd edition)
2026-10-04 02:08,300-review.json,prostate-0026,chapter,prostate,urogen,editorial review (3rd edition)
2026-10-04 02:08,300-review.json,prostate-0027,chapter,prostate,urogen,editorial review (3rd edition)
2026-10-04 02:08,300-review.json,prostate-0029,explanation,Surgical option for symptomatic benign prostatic hyperplasia not responding to medical therapy.,(rewritten),editorial review (3rd edition)
2026-10-04 02:08,300-review.json,prostate-0030,explanation,Chest X-ray is most appropriate to assess intrathoracic pathology and possible metastatic spread.,(rewritten),editorial review (3rd edition)
2026-10-04 02:08,300-review.json,prostate-0031,answer,A,B,editorial review (3rd edition)
2026-10-04 02:08,300-review.json,prostate-0031,explanation,Benign prostatic hyperplasia is the most common cause of lower urinary tract symptoms in men over 60.,(rewritten),editorial review (3rd edition)
2026-10-04 02:08,300-review.json,prostate-0032,chapter,prostate,urogen,editorial review (3rd edition)
2026-10-04 02:08,300-review.json,prostate-0033,chapter,prostate,urogen,editorial review (3rd edition)
2026-10-04 02:08,300-review.json,prostate-0034,explanation,Hormone therapy is appropriate for elderly patients with limited life expectancy and prostate cancer.,(rewritten),editorial review (3rd edition)
2026-10-04 02:08,300-review.json,prostate-0035,explanation,Perform prostate biopsy to confirm diagnosis of prostate cancer.,(rewritten),editorial review (3rd edition)
2026-10-04 02:08,300-review.json,prostate-0039,explanation,‘Painful bladder’ syndrome; negative cultures.,(rewritten),editorial review (3rd edition)
2026-10-04 02:08,300-review.json,prostate-0039,chapter,prostate,bladder,editorial review (3rd edition)
2026-10-04 02:08,300-review.json,congur-0003,explanation,,(rewritten),editorial review (3rd edition)
2026-10-04 02:08,300-review.json,congur-0004,explanation,"Horseshoe kidneys occur in about 1 in 1000 individuals, are prone to PUJ obstruction, and ADPKD is inherited in an autosomal dominant pattern.",(rewritten),editorial review (3rd edition)
2026-10-04 02:08,300-review.json,congur-0007,stem,Regarding to Anatomy of Urethra and penis Which of the following statements are true?,"Regarding anatomy of Urethra and penis, which of the following statements are true?",editorial review (3rd edition)
2026-10-04 02:08,300-review.json,congur-0009,stem,Regarding to Urethral stricture The following statements are true except:,"Regarding urethral stricture, the following statements are true except:",editorial review (3rd edition)
2026-10-04 02:08,300-review.json,congur-0009,chapter,congur,urogen,editorial review (3rd edition)
2026-10-04 02:08,300-review.json,congur-0010,stem,Regarding to female urethra Which of the following statements are true?,"Regarding female urethra, which of the following statements are true?",editorial review (3rd edition)
2026-10-04 02:08,300-review.json,congur-0010,explanation,Only statements B and E are true; the others are incorrect.,(rewritten),editorial review (3rd edition)
2026-10-04 02:08,300-review.json,congur-0010,chapter,congur,urogen,editorial review (3rd edition)
2026-10-04 02:08,300-review.json,congur-0011,stem,Regarding to Surgical conditions of the foreskin The following statements are true except:,"Regarding surgical conditions of the foreskin, the following statements are true except:",editorial review (3rd edition)
2026-10-04 02:08,300-review.json,congur-0011,chapter,congur,urogen,editorial review (3rd edition)
2026-10-04 02:08,300-review.json,congur-0012,stem,Regarding to Embryology and anatomy of testis & scrotum Which of the following statements are true?,"Regarding embryology and anatomy of testis & scrotum, which of the following statements are true?",editorial review (3rd edition)
2026-10-04 02:08,300-review.json,congur-0013,stem,Regarding to Incompletely descended testis The following statements are true except:,"Regarding incompletely descended testis, the following statements are true except:",editorial review (3rd edition)
2026-10-04 02:08,300-review.json,congur-0014,answer,ABCD,ABCDE,editorial review (3rd edition)
2026-10-04 02:08,300-review.json,congur-0014,explanation,"Undescended testis may impair fertility, predispose to hernia, torsion and malignancy; epididymo-orchitis is not typical.",(rewritten),editorial review (3rd edition)
2026-10-04 02:08,300-review.json,congur-0015,stem,Regarding to Varicocele Which of the following statements are false?,"Regarding varicocele, which of the following statements are false?",editorial review (3rd edition)
2026-10-04 02:08,300-review.json,congur-0015,answer,BD,B,editorial review (3rd edition)
2026-10-04 02:08,300-review.json,congur-0015,explanation,Varicoceles are typically left-sided and surgical repair does not reliably improve sperm count.,(rewritten),editorial review (3rd edition)
2026-10-04 02:08,300-review.json,congur-0015,chapter,congur,scrotum,editorial review (3rd edition)
2026-10-04 02:08,300-review.json,congur-0016,stem,Regarding to Hydrocele The following statements are true except:,"Regarding hydrocele, the following statements are true except:",editorial review (3rd edition)
2026-10-04 02:08,300-review.json,congur-0016,chapter,congur,scrotum,editorial review (3rd edition)
2026-10-04 02:08,300-review.json,congur-0017,stem,Regarding to Testicular tumour Which of the following statements are false?,"Regarding testicular tumour, which of the following statements are false?",editorial review (3rd edition)
2026-10-04 02:08,300-review.json,congur-0017,chapter,congur,scrotum,editorial review (3rd edition)
2026-10-04 02:08,300-review.json,congur-0018,chapter,congur,scrotum,editorial review (3rd edition)
2026-10-04 02:08,300-review.json,congur-0019,stem,"Covering layers of the kidney All of the following form a covering layer over the kidney, except","All of the following form a covering layer over the kidney, except:",editorial review (3rd edition)
2026-10-04 02:08,300-review.json,congur-0019,explanation,"The kidney has four layers – fibrous capsule, peri‐renal fat, Gerota’s fascia and para‐renal fat – and the liver only forms a neighboring relation.",(rewritten),editorial review (3rd edition)
2026-10-04 02:08,300-review.json,congur-0019,chapter,congur,urogen,editorial review (3rd edition)
2026-10-04 02:08,300-review.json,congur-0020,stem,Anatomy of the kidney The posteromedial aspect of the kidneys is related to which one of the following structures?,The posteromedial aspect of the kidney is related to which one of the following structures?,editorial review (3rd edition)
2026-10-04 02:08,300-review.json,congur-0020,chapter,congur,urogen,editorial review (3rd edition)
2026-10-04 02:08,300-review.json,congur-0021,stem,"Anatomy of the renal tract In its course from the kidney to the bladder, the ureter runs on the top of which muscle?","In its course from the kidney to the bladder, the ureter runs on top of which muscle?",editorial review (3rd edition)
2026-10-04 02:08,300-review.json,congur-0021,chapter,congur,urogen,editorial review (3rd edition)
2026-10-04 02:08,300-review.json,congur-0022,stem,Vascular supply of the kidney (1) The renal arteries arise at intervertebral level,At which intervertebral level do the renal arteries arise from the aorta?,editorial review (3rd edition)
2026-10-04 02:08,300-review.json,congur-0022,chapter,congur,urogen,editorial review (3rd edition)
2026-10-04 02:08,300-review.json,congur-0023,stem,"Vascular supply of the kidney (2) In a non-exercising individual, the proportion of cardiac output supplied to the kidneys is approximately","In a non-exercising individual, approximately what proportion of the cardiac output is supplied to the kidneys?",editorial review (3rd edition)
2026-10-04 02:08,300-review.json,congur-0023,options,"[""5%"", ""10%"", ""15%"", ""20%"", ""25%""]","[""5%"", ""10%"", ""15%"", ""20%"", ""40%""]",editorial review (3rd edition)
2026-10-04 02:08,300-review.json,congur-0023,explanation,"% At rest, the kidneys receive approximately 20% of the cardiac output.",(rewritten),editorial review (3rd edition)
2026-10-04 02:08,300-review.json,congur-0023,chapter,congur,urogen,editorial review (3rd edition)
2026-10-04 02:08,300-review.json,congur-0024,stem,Anatomy of the reproductive system A 34-year-old father of five children requests a vasectomy. Which of the following structures lies most proximal to the vas deferens?,A 34-year-old father of five children requests a vasectomy. Which of the following layers lies closest to the vas deferens?,editorial review (3rd edition)
2026-10-04 02:08,300-review.json,congur-0024,answer,C,B,editorial review (3rd edition)
2026-10-04 02:08,300-review.json,congur-0024,explanation,The tunica vaginalis is the most proximal layer adjacent to the vas deferens.,(rewritten),editorial review (3rd edition)
2026-10-04 02:08,300-review.json,congur-0024,chapter,congur,urogen,editorial review (3rd edition)
2026-10-04 02:08,300-review.json,congur-0025,stem,"The male urethra With regard to the male urethra, which one of the following segments is the narrowest?","With regard to the male urethra, which one of the following segments is the narrowest?",editorial review (3rd edition)
2026-10-04 02:08,300-review.json,congur-0025,chapter,congur,urogen,editorial review (3rd edition)
2026-10-04 02:08,300-review.json,congur-0028,stem,"A young girl with fever, left loin swelling and microscopic haematuria is ultimately diagnosed with Wilm’s tumour. Which statement about Wilm’s tumour is true?","A young girl with fever, left loin swelling and microscopic haematuria is ultimately diagnosed with Wilms tumour. Which statement about Wilms tumour is true?",editorial review (3rd edition)
2026-10-04 02:08,300-review.json,congur-0028,explanation,% Stage IV Wilm’s tumour has a 5-year survival rate of around 65%.,(rewritten),editorial review (3rd edition)
2026-10-04 02:08,300-review.json,congur-0028,chapter,congur,renal,editorial review (3rd edition)
2026-10-04 02:08,300-review.json,congur-0030,explanation,Definitive treatment for pathological phimosis is circumcision.,(rewritten),editorial review (3rd edition)
2026-10-04 02:08,300-review.json,scrotum-0001,options,"[""(A) admit for bed rest"", ""(B) analgesics and a scrotal support"", ""(C) antibiotic therapy"", ""(D) schedule a testicular isotope scan"", ""(E) urgent surgical exploration""]","[""Admit for bed rest"", ""Analgesics and a scrotal support"", ""Antibiotic therapy"", ""Schedule a testicular isotope scan"", ""Urgent surgical exploration""]",editorial review (3rd edition)
2026-10-04 02:08,300-review.json,scrotum-0001,explanation,urgent surgical exploration Immediate surgery is crucial to save a torsed testis; avoid delay.,(rewritten),editorial review (3rd edition)
2026-10-04 02:08,300-review.json,scrotum-0002,options,"[""(A) transscrotal needle biopsy"", ""(B) transscrotal aspiration of the hydrocele for cytology"", ""(C) radical orchiectomy through an inguinal incision"", ""(D) transscrotal exploration and orchiectomy"", ""(E) laparotomy with pelvic and retroperitoneal node dissection""]","[""Transscrotal needle biopsy"", ""Transscrotal aspiration of the hydrocele for cytology"", ""Radical orchidectomy through an inguinal incision"", ""Transscrotal exploration and orchidectomy"", ""Laparotomy with pelvic and retroperitoneal node dissection""]",editorial review (3rd edition)
2026-10-04 02:08,300-review.json,scrotum-0002,explanation,radical orchiectomy through an inguinal incision Radical orchiectomy via an inguinal approach is the standard for suspected testicular cancer.,(rewritten),editorial review (3rd edition)
2026-10-04 02:08,300-review.json,scrotum-0003,options,"[""(A) external beam radiotherapy"", ""(B) multidrug combination chemotherapy"", ""(C) combination radiotherapy and multidrug chemotherapy"", ""(D) clinical surveillance"", ""(E) laparotomy with pelvic and retroperitoneal node dissection""]","[""External beam radiotherapy"", ""Multidrug combination chemotherapy"", ""Combination radiotherapy and multidrug chemotherapy"", ""Clinical surveillance"", ""Laparotomy with pelvic and retroperitoneal node dissection""]",editorial review (3rd edition)
2026-10-04 02:08,300-review.json,scrotum-0003,answer,C,B,editorial review (3rd edition)
2026-10-04 02:08,300-review.json,scrotum-0003,explanation,combination radiotherapy and multidrug chemotherapy Seminomas with nodal involvement are treated with combined radiotherapy and chemotherapy.,(rewritten),editorial review (3rd edition)
2026-10-04 02:08,300-review.json,scrotum-0004,stem,"Testicular pain A 12-year-old boy is admitted to the emergency department with sudden onset of severe right testicular and lower abdominal pain during athletic training. He has had one episode of vomiting and constantly feels nauseous. On examination, the patient is sweating and in unbearable pain. There is marked tenderness and swelling of the right testicle which is observed to be lying horiz...","A 12-year-old boy is admitted to the emergency department with sudden onset of severe right testicular and lower abdominal pain during athletic training. He has had one episode of vomiting and constantly feels nauseous. On examination, the patient is sweating and in unbearable pain. There is marked tenderness and swelling of the right testicle which is observed to be lying horizontally. What is...",editorial review (3rd edition)
2026-10-04 02:08,300-review.json,scrotum-0008,explanation,Yolk sac carcinoma (a non-seminomatous germ cell tumor) is associated with high alpha-fetoprotein.,(rewritten),editorial review (3rd edition)
2026-10-04 02:08,300-review.json,scrotum-0009,explanation,Non-seminomatous germ cell tumors are treated with orchidectomy and chemotherapy.,(rewritten),editorial review (3rd edition)
2026-10-04 02:08,300-review.json,scrotum-0010,options,"[""Testicular ultrasound scan; CT chest, abdomen"", ""Testicular ultrasound scan; CT chest, abdomen and brain"", ""Testicular ultrasound scan; CT chest, abdomen; and bone scan"", ""Testicular ultrasound scan; CT chest, abdomen, and brain; and bone scan"", ""Testicular ultrasound scan; serum β-HCG and AFP""]","[""Testicular ultrasound scan; serum AFP, β-HCG and LDH; CT chest, abdomen and pelvis"", ""Testicular ultrasound scan; CT chest, abdomen and brain"", ""Testicular ultrasound scan; CT chest, abdomen; and bone scan"", ""Testicular ultrasound scan; CT chest, abdomen, and brain; and bone scan"", ""Testicular ultrasound scan; serum β-HCG and AFP""]",editorial review (3rd edition)
2026-10-04 02:08,300-review.json,scrotum-0010,explanation,"Testicular ultrasound will confirm the presence of the testicular tumour. Seminomas spread usually via the para-aortic lymph nodes to the chest. NSGCTs usually spread via the haematogenous route. NSGCT metastases are occasionally associated with a rise in serum β-HCG and AFP. CT chest, abdomen is required to stage disease. CT brain and bone scan are only performed if clinically indicated. Serum...",(rewritten),editorial review (3rd edition)
2026-10-04 02:08,300-review.json,scrotum-0011,explanation,Perform an inguinal orchiectomy to obtain histologic diagnosis without scrotal violation.,(rewritten),editorial review (3rd edition)
2026-10-04 02:08,300-review.json,scrotum-0013,explanation,"Severe scrotal pain, negative dipstick, no relief on elevation.",(rewritten),editorial review (3rd edition)
2026-10-04 02:08,300-review.json,scrotum-0014,explanation,Infection/inflammation suggested by leucocytes and erythema.,(rewritten),editorial review (3rd edition)
2026-10-04 02:08,300-review.json,scrotum-0016,explanation,Right-sided varicocele in older man => exclude abdominal/renal mass.,(rewritten),editorial review (3rd edition)
2026-10-04 02:08,300-review.json,scrotum-0017,explanation,"Transilluminates, envelope testis, painless.",(rewritten),editorial review (3rd edition)
2026-10-04 02:08,300-review.json,scrotum-0018,explanation,"Severe tenderness, lumps but does not transilluminate; likely infection.",(rewritten),editorial review (3rd edition)
2026-10-04 02:08,300-review.json,scrotum-0019,explanation,"Transilluminates, can feel testis separately underneath.",(rewritten),editorial review (3rd edition)
2026-10-04 02:08,300-review.json,scrotum-0020,DELETED,,,duplicate of scrotum-0013 (r_uro2.tsv:57)
2026-10-04 02:08,300-review.json,bladder-0001,explanation,,(rewritten),editorial review (3rd edition)
2026-10-04 02:08,300-review.json,bladder-0002,stem,Regarding to Haematuria The following statements are true except:,"Regarding haematuria, the following statements are true except:",editorial review (3rd edition)
2026-10-04 02:08,300-review.json,bladder-0002,answer,A,E,editorial review (3rd edition)
2026-10-04 02:08,300-review.json,bladder-0002,explanation,"+ E. Painful haematuria indicates malignant pathology. Malignant causes – such as transitional cell carcinoma – typically present with painless haematuria, whereas painful haematuria suggests inflammatory or infectious conditions.",(rewritten),editorial review (3rd edition)
2026-10-04 02:08,300-review.json,bladder-0005,stem,Regarding to Bladder diverticula Which of the following statements are true?,"Regarding bladder diverticula, which of the following statements are true?",editorial review (3rd edition)
2026-10-04 02:08,300-review.json,bladder-0005,explanation,%. Diverticula develop secondary to chronic high intravesical pressure and do not always require excision.,(rewritten),editorial review (3rd edition)
2026-10-04 02:08,300-review.json,bladder-0006,stem,Which of the following investigations are routinely carried out?,"In a patient with suspected bladder cancer, which of the following investigations are routinely carried out?",editorial review (3rd edition)
2026-10-04 02:08,300-review.json,bladder-0006,answer,AB,ABCE,editorial review (3rd edition)
2026-10-04 02:08,300-review.json,bladder-0006,explanation,C. CECT and MRI; E. Cystourethroscopy and bimanual examination. Bone scans are not performed routinely.,(rewritten),editorial review (3rd edition)
2026-10-04 02:08,300-review.json,bladder-0007,answer,A,ABDE,editorial review (3rd edition)
2026-10-04 02:08,300-review.json,bladder-0007,explanation,Non-muscle invasive tumours are treated by endoscopic resection and mitomycin instillation; B. Grade 3 disease is managed by BCG immunotherapy; D. Radical cystectomy and lymphadenectomy is the treatment of choice; E. Neoadjuvant cisplatin-based chemotherapy improves survival. External beam radiotherapy is not the first-line treatment for muscle invasive bladder cancer.,(rewritten),editorial review (3rd edition)
2026-10-04 02:08,300-review.json,bladder-0008,options,"[""(A) plain abdominal radiographs and an intravenous pyelogram (IVP)"", ""(B) voiding cystourethrogram"", ""(C) cystourethroscopy"", ""(D) abdominal ultrasound"", ""(E) urine for cytology""]","[""CT urography"", ""Voiding cystourethrogram"", ""MRI of the pelvis"", ""Abdominal ultrasound"", ""Urine for cytology""]",editorial review (3rd edition)
2026-10-04 02:08,300-review.json,bladder-0008,explanation,plain abdominal radiographs and an intravenous pyelogram (IVP) IVP with plain films is the optimal initial evaluation in painless hematuria.,(rewritten),editorial review (3rd edition)
2026-10-04 02:08,300-review.json,bladder-0009,stem,"When the initial diagnostic evaluation for hematuria is negative, what is the best next step?","In the patient above, CT urography is normal. What is the best next step?",editorial review (3rd edition)
2026-10-04 02:08,300-review.json,bladder-0009,options,"[""(A) an abdominal CT scan"", ""(B) cystourethroscopy and urinary cytology"", ""(C) a transrectal ultrasound"", ""(D) exploratory laparoscopy"", ""(E) re-evaluation in 2–4 weeks with repeat urinalysis and culture""]","[""Abdominal CT scan"", ""Cystourethroscopy and urinary cytology"", ""Transrectal ultrasound"", ""Exploratory laparoscopy"", ""Re-evaluation in 2–4 weeks with repeat urinalysis and culture""]",editorial review (3rd edition)
2026-10-04 02:08,300-review.json,bladder-0009,explanation,cystourethroscopy and urinary cytology Cystoscopy with cytology is warranted when initial studies are unrevealing.,(rewritten),editorial review (3rd edition)
2026-10-04 02:08,300-review.json,bladder-0010,options,"[""Epithelial tumours account for the majority of bladder tumours"", ""It accounts for 1 in every 5000 new cases of cancer in the United Kingdom"", ""Males are more commonly affected than females"", ""There is a strong correlation with exposure to industrial dyes"", ""It frequently presents with painful haematuria""]","[""Epithelial tumours account for the majority of bladder tumours"", ""Smoking is the most important risk factor in the United Kingdom"", ""Males are more commonly affected than females"", ""There is a strong correlation with exposure to industrial dyes"", ""It frequently presents with painful haematuria""]",editorial review (3rd edition)
2026-10-04 02:08,300-review.json,bladder-0011,explanation,The tumour stage is T2 N0 M0 based on the findings.,(rewritten),editorial review (3rd edition)
2026-10-04 02:08,300-review.json,bladder-0013,DELETED,,,"placeholder ""X"" with no stem, options or answer (image only)"
2026-10-04 02:08,300-review.json,bladder-0014,stem,A 45-year-old man develops a left scrotal mass with the appearance of distended tortuous veins. Scrotal and groin ultrasound confirms a varicocoele and a shrunken left testis (see Figure 9.2). Which is the single most appropriate next step?,A 45-year-old man develops a left scrotal mass with the appearance of distended tortuous veins. Scrotal and groin ultrasound confirms a varicocoele and a shrunken left testis. Which is the single most appropriate next step?,editorial review (3rd edition)
2026-10-04 02:08,300-review.json,bladder-0014,explanation,Renal ultrasound is essential to rule out underlying renal pathology associated with varicocele.,(rewritten),editorial review (3rd edition)
2026-10-04 02:08,300-review.json,bladder-0014,chapter,bladder,scrotum,editorial review (3rd edition)
2026-10-04 02:08,300-review.json,bladder-0015,answer,E,C,editorial review (3rd edition)
2026-10-04 02:08,300-review.json,bladder-0015,explanation,Urine cytology is appropriate to evaluate for malignant cells in cases of painless haematuria.,(rewritten),editorial review (3rd edition)
2026-10-04 02:08,300-review.json,bladder-0017,options,"[""Intravesicular chemotherapy"", ""Radical cystectomy"", ""Radiation therapy"", ""Local excision and intravesicular chemotherapy"", ""Systemic chemotherapy""]","[""Intravesical chemotherapy"", ""Radical cystectomy"", ""Radiation therapy"", ""Transurethral resection and intravesical chemotherapy"", ""Systemic chemotherapy""]",editorial review (3rd edition)
2026-10-04 02:08,300-review.json,bladder-0017,explanation,"When the disease is superficial, transurethral resection and intravesicular chemotherapy are recommended.",(rewritten),editorial review (3rd edition)
2026-10-04 02:08,300-review.json,bladder-0018,explanation,Association with Schistosoma haematobium (endemic in Africa).,(rewritten),editorial review (3rd edition)
2026-10-04 02:08,300-review.json,bladder-0019,explanation,Gold-standard to detect & biopsy bladder lesions.,(rewritten),editorial review (3rd edition)
2026-10-04 02:08,300-review.json,bladder-0020,stem,"A 60-year-old man has painless haematuria. Cystoscopy confirms a tumour involving superficial muscle, no distant mets. Next step in management?","A 60-year-old man has painless haematuria. Transurethral resection shows urothelial carcinoma invading the superficial detrusor muscle (T2a), and staging CT shows no nodal or distant metastases. He is fit for surgery. What is the next step in management?",editorial review (3rd edition)
2026-10-04 02:08,300-review.json,bladder-0020,explanation,T2 tumour (muscle invasion) => radical cystectomy is standard definitive treatment.,(rewritten),editorial review (3rd edition)
2026-10-04 02:08,300-review.json,uroemq-0001,options,"[""Carcinoma of kidney"", ""Carcinoma of ureter"", ""Congenital hydronephrosis"", ""Horse-shoe kidney"", ""Pyonephrosis"", ""Staghorn calculus"", ""Transitional cell carcinoma (TCC) of renal pelvis"", ""Trauma to kidney"", ""Ureteric calculus"", ""Wilm’s tumour""]","[""Carcinoma of kidney"", ""Carcinoma of ureter"", ""Congenital hydronephrosis"", ""Horseshoe kidney"", ""Pyonephrosis"", ""Staghorn calculus"", ""Transitional cell carcinoma (TCC) of renal pelvis"", ""Trauma to kidney"", ""Ureteric calculus"", ""Wilms tumour""]",editorial review (3rd edition)
2026-10-04 02:08,300-review.json,uroemq-0002,theme,Bladder Diagnose,Bladder diagnoses,editorial review (3rd edition)
2026-10-04 02:08,300-review.json,uroemq-0005#6,stem,"A 50-year-old man complains of a lump in his right scrotum of 1 year’s duration. This is gradually growing larger in size and gives him some discomfort. Examination of his scrotum reveals a cystic lump, about 7 cm in diameter, above and behind the left testis, which is minimally tender. Transillumination is positive and shows septa within the lump. There is a smaller similar lump on the other s...","A 50-year-old man complains of a lump in his right scrotum of 1 year’s duration. This is gradually growing larger in size and gives him some discomfort. Examination of his scrotum reveals a cystic lump, about 7 cm in diameter, above and behind the right testis, which is minimally tender. Transillumination is positive and shows septa within the lump. There is a smaller similar lump on the other ...",editorial review (3rd edition)
2026-10-04 02:08,300-review.json,uroemq-0008#2,stem,A 58-year-old woman due for hysterectomy with chronic renal failure.,A 58-year-old woman awaiting hysterectomy for a large fibroid uterus has bilateral hydronephrosis and chronic renal failure.,editorial review (3rd edition)
2026-10-04 02:08,300-review.json,uroemq-0009#4,stem,A 73-year-old man with prostate cancer attends your clinic complaining of newonset back pain.,A 73-year-old man with prostate cancer attends your clinic complaining of new-onset back pain.,editorial review (3rd edition)
2026-10-04 02:08,300-review.json,uroemq-0009#5,stem,A 52-year-old man is diagnosed with prostate cancer and staging confirms the “absence of secondary spread of disease.,A 52-year-old man is diagnosed with prostate cancer and staging confirms the absence of secondary spread of disease.,editorial review (3rd edition)
2026-10-04 02:08,300-review.json,uroemq-0010#3,stem,"A 75-year-old woman presents with recent onset of severe urinary urgency and bladder pain. Urinary dipstick shows no nitrates, protein 1+ and blood 2+.","A 75-year-old woman presents with recent onset of severe urinary urgency and bladder pain. Urinary dipstick shows no nitrites, protein 1+ and blood 2+.",editorial review (3rd edition)
2026-10-04 02:08,300-review.json,uroemq-0011,notes,"unparsed: 1. G. embolization | 2. I. ultrasound kidneys | 3. H. nephrostomy | 4. A. simple analgesia and discharge home with outpatient follow-up | 5. F. percutaneous nephrolithotomy (PCNL) | 1. G In post-PCNL bleeding unresponsive to tamponade, selective renal embolization is the next step. | 2. I In pregnancy, ultrasound is the preferred modality to assess for obstructing calculus. | 3. H In ...","unparsed: 1. G. embolization | 2. I. ultrasound kidneys | 3. H. nephrostomy | 4. A. simple analgesia and discharge home with outpatient follow-up | 5. F. percutaneous nephrolithotomy (PCNL) | 1. G In post-PCNL bleeding unresponsive to tamponade, selective renal embolization is the next step. | 2. I In pregnancy, ultrasound is the preferred modality to assess for obstructing calculus. | 3. H In ...",editorial review (3rd edition)
2026-10-04 02:08,300-review.json,uroemq-0011,items,[],"[{""n"": 1, ""stem"": ""A 50-year-old man has heavy haematuria and a falling haemoglobin 2 days after percutaneous nephrolithotomy. Bleeding continues despite clamping the nephrostomy tube."", ""answer"": ""G"", ""explanation"": ""Persistent bleeding after PCNL despite tamponade suggests an arteriovenous fistula or pseudoaneurysm; selective angioembolisation is the next step."", ""images"": []}, {""n"": 2, ""stem...",editorial review (3rd edition)
2026-10-04 02:08,300-review.json,uroemq-0013,options,"[""transurethral resection of the prostate"", ""retrograde ureterogram"", ""nephrostomy"", ""micturating cysto-urethrogram"", ""ultrasound of urinary tract"", ""intravenous urogram (IVU)"", ""frusemide/furosemide"", ""high-intensity frequency ultrasound (HIFU) prostate ablation"", ""radical prostatectomy"", ""nephrocytourethrectomy and ileal conduit formation"", ""active surveillance""]","[""Transurethral resection of the prostate"", ""Retrograde ureterogram"", ""Nephrostomy"", ""Micturating cystourethrogram"", ""Ultrasound of urinary tract"", ""Intravenous urogram (IVU)"", ""Furosemide"", ""High-intensity focused ultrasound (HIFU) prostate ablation"", ""Radical prostatectomy"", ""Nephroureterectomy, cystectomy and ileal conduit formation"", ""Active surveillance""]",editorial review (3rd edition)
2026-10-04 02:08,300-review.json,uroemq-0013,items,"[{""n"": 1, ""stem"": ""A 45-year-old man has muscle-invasive transitional cell carcinoma of the bladder extending to multiple sites along the right ureter and involving the renal pelvis. 2 An 83-year-old man with a PSA of 10 ng/mL and positive TRUS biopsy results denies lower urinary tract symptoms. He does not want any surgical intervention. 3 A 45-year-old man has raised PSA of 29 ng/mL and posit...","[{""n"": 1, ""stem"": ""A 45-year-old man has muscle-invasive transitional cell carcinoma of the bladder extending to multiple sites along the right ureter and involving the renal pelvis."", ""answer"": ""J"", ""explanation"": ""Multifocal muscle-invasive urothelial cancer of bladder, ureter and renal pelvis needs cystectomy with nephroureterectomy and urinary diversion (ileal conduit)."", ""images"": []}, {""n...",editorial review (3rd edition)
2026-10-04 02:08,300-review.json,uroemq-0015#1,stem,"An 18-year-old man presents with a swelling in his left testicle. On examination, the swelling is tense, smooth, fluctuant, and transilluminates. The testis cannot be felt separately from the swelling. The patient wants treatment for this swelling.","An 18-year-old man presents with a swelling in his left scrotum. On examination, there is a smooth, fluctuant swelling above and behind the testis that transilluminates; the testis can be felt separately. The patient wants treatment for this swelling.",editorial review (3rd edition)
2026-10-04 02:08,300-review.json,uroemq-0015#4,stem,"A 37-year-old man presents with a 2-day history of pain and swelling in his right testicle and pain on passing water. On examination, his left scrotum is swollen, erythematous, and tender. Urine dipstick shows white cells.","A 37-year-old man presents with a 2-day history of pain and swelling in his right testicle and pain on passing water. On examination, his right scrotum is swollen, erythematous, and tender. Urine dipstick shows white cells.",editorial review (3rd edition)
2026-10-04 02:08,300-review.json,uroemq-0016,theme,MANAGEMENT OF PROSTATE DISEASE,Management of prostate disease,editorial review (3rd edition)
2026-10-04 02:08,300-review.json,uroemq-0017,options,"[""Anterograde urethrogram"", ""Bladder scan and urethral catheterisation"", ""CT scan"", ""Cystoscopy and retrograde ureteric stent"", ""Intravenous urogram"", ""Percutaneous nephrostomy"", ""Free‐way catheter and irrigation"", ""Transrectal ultrasound and biopsy"", ""Ultrasound scan of abdomen"", ""Urgent surgical exploration""]","[""Retrograde urethrogram"", ""Bladder scan and urethral catheterisation"", ""CT scan"", ""Cystoscopy and retrograde ureteric stent"", ""Intravenous urogram"", ""Percutaneous nephrostomy"", ""Three-way catheter and irrigation"", ""Transrectal ultrasound and biopsy"", ""Ultrasound scan of abdomen"", ""Urgent surgical exploration""]",editorial review (3rd edition)
2026-10-04 02:08,300-review.json,uroemq-0017,theme,INVESTIGATION OF UROLOGICAL DISEASE,Investigation of urological disease,editorial review (3rd edition)
2026-10-04 02:08,300-review.json,uroemq-0017#1,stem,"A 22-year-old man with blunt trauma and macroscopic haematuria, stable vitals, normal abdominal and PR exam.","A 22-year-old man presents to the emergency department after being hit by a reversing car. He has an episode of macroscopic haematuria, but abdominal and per rectum examinations show no other abnormality. His blood pressure is 114/74 mmHg and his pulse 86/min.",editorial review (3rd edition)
2026-10-04 02:08,300-review.json,uroemq-0017#2,stem,A 74-year-old man with acute suprapubic pain and inability to pass urine; bladder palpable 6 cm above pubis.,"A 74-year-old man presents with acute-onset suprapubic pain and an inability to pass urine. On examination, he is visibly uncomfortable and the bladder is percussable 6 cm above the pubis.",editorial review (3rd edition)
2026-10-04 02:08,300-review.json,uroemq-0017#3,stem,A 37-year-old man after pelvic trauma with blood at the urethral meatus and inability to void.,"A 37-year-old man was cycling home when his bike skidded on ice and he crashed into a post box. On admission to the emergency department, he has complained of an inability to pass urine and on examination there is blood at the external urethral meatus.",editorial review (3rd edition)
2026-10-04 02:08,300-review.json,uroemq-0017#4,stem,A 61-year-old man with left loin pain radiating to groin and 6 mm stone at VUJ causing hydronephrosis on CT.,A 61-year-old man presents with sudden-onset left loin pain that radiates to his groin. He has been unable to pass urine over the last 24 hours. He has a history of a right nephrectomy for a renal cell carcinoma. A spiral CT scan confirms the presence of a 6 mm stone at the left vesicoureteric junction and a left hydronephrosis.,editorial review (3rd edition)
2026-10-04 02:08,300-review.json,uroemq-0017#5,stem,"A 58-year-old man with PSA 14.0 ng/mL, asymptomatic, DRE shows enlarged, hard, irregular prostate.","A 58-year-old man is referred to the clinic by his general practitioner with a prostate-specific antigen level of 14.0 ng/mL. He has no other symptoms. Abdominal examination shows no abnormality, but an enlarged, hard, irregular prostate gland is palpable per rectum.",editorial review (3rd edition)
2026-10-04 02:08,300-review.json,uroemq-0018,options,"[""Analgesia alone"", ""Cystoscopy"", ""Extracorporeal shock wave lithotripsy"", ""Intravenous antibiotics"", ""Lithotripsy"", ""Nephrectomy"", ""Percutaneous nephrolithotomy"", ""Percutaneous nephrostomy"", ""Suprapubic catheterisation"", ""Three-way catheter and irrigation""]","[""Analgesia alone"", ""Cystoscopy"", ""Extracorporeal shock wave lithotripsy"", ""Intravenous antibiotics"", ""Open pyelolithotomy"", ""Nephrectomy"", ""Percutaneous nephrolithotomy"", ""Percutaneous nephrostomy"", ""Suprapubic catheterisation"", ""Three-way catheter and irrigation""]",editorial review (3rd edition)
2026-10-04 02:08,300-review.json,uroemq-0018,theme,MANAGEMENT OF UROLOGICAL DISEASE,Management of urological disease,editorial review (3rd edition)
2026-10-04 02:08,300-review.json,uroemq-0019,options,"[""Check urea and electrolytes"", ""Cystoscopy"", ""Intravenous antibiotics"", ""Lithotripsy"", ""Percutaneous nephrostomy"", ""Reassurance alone"", ""Suprapubic catheterization"", ""Transurethral resection of prostate"", ""Trial without catheter"", ""Urethral catheterization""]","[""Check urea and electrolytes"", ""Cystoscopy"", ""Intravenous antibiotics"", ""Lithotripsy"", ""Percutaneous nephrostomy"", ""Reassurance alone"", ""Suprapubic catheterisation"", ""Transurethral resection of prostate"", ""Trial without catheter"", ""Urethral catheterisation""]",editorial review (3rd edition)
2026-10-04 02:08,300-review.json,uroemq-0019,theme,MANAGEMENT OF URINARY RETENTION,Management of urinary retention,editorial review (3rd edition)
2026-10-04 02:08,300-review.json,uroemq-0020,theme,UROLOGICAL CONDITIONS,Urological conditions,editorial review (3rd edition)
2026-10-04 02:08,300-review.json,uroemq-0021,DELETED,,,duplicate of uroemq-0017 (r_uro2.tsv:221)
2026-10-04 02:08,300-review.json,uroemq-0024#1,answer,A,C,editorial review (3rd edition)
2026-10-04 02:08,300-review.json,uroemq-0024#5,answer,G,H,editorial review (3rd edition)
2026-10-04 02:08,300-review.json,uroemq-0025,theme,LOWER URINARY TRACT SYMPTOMS,Lower urinary tract symptoms,editorial review (3rd edition)
2026-10-04 02:08,300-review.json,uroemq-0026,options,"[""Urine dipstick"", ""Cystoscopy"", ""Serum PSA"", ""Renal ultrasound scan"", ""Abdominal CT scan"", ""Serum urea and creatinine"", ""Urodynamic studies (cystometrogram)"", ""Abdominal X-ray of kidneys, ureters and bladder (KUB)"", ""Intravenous urography"", ""Renal aortography""]","[""Urine dipstick"", ""Cystoscopy"", ""Serum PSA"", ""Renal ultrasound scan"", ""Non-contrast CT of kidneys, ureters and bladder (CT KUB)"", ""Serum urea and creatinine"", ""Urodynamic studies (cystometrogram)"", ""Abdominal X-ray of kidneys, ureters and bladder (KUB)"", ""Intravenous urography"", ""Renal aortography""]",editorial review (3rd edition)
2026-10-04 02:08,300-review.json,uroemq-0026,theme,UROLOGICAL INVESTIGATIONS,Urological investigations,editorial review (3rd edition)
2026-10-04 02:08,300-review.json,uroemq-0026#2,answer,H,E,editorial review (3rd edition)
2026-10-04 02:08,300-review.json,uroemq-0027,theme,URGENT UROLOGICAL REFERRALS,Urgent urological referrals,editorial review (3rd edition)
2026-10-04 02:08,300-review.json,trauma-0001,stem,"Regarding trauma, which of the following statements is true? (Non-accidental injuries (NAI))","Regarding trauma, which of the following statements is true?",editorial review (3rd edition)
2026-10-04 02:08,300-review.json,trauma-0001,explanation,%. A proximal femoral fracture in the elderly carries a high one-year mortality rate.,(rewritten),editorial review (3rd edition)
2026-10-04 02:08,300-review.json,trauma-0003,options,"[""The mechanisms are direct or indirect."", ""In indirect injury, associated injuries may be present and should be sought."", ""In chest injuries, damage to abdominal organs is rare."", ""Overt injury should lead the clinician to""]","[""The mechanisms are direct or indirect."", ""In indirect injury, associated injuries may be present and should be sought."", ""In chest injuries, damage to abdominal organs is rare."", ""Overt injury should lead the clinician to look for covert (hidden) injuries."", ""Significant internal injury may be present with little external evidence.""]",editorial review (3rd edition)
2026-10-04 02:08,300-review.json,trauma-0003,explanation,Blunt chest trauma can injure abdominal organs due to force transmission across the diaphragm.,(rewritten),editorial review (3rd edition)
2026-10-04 02:08,300-review.json,trauma-0007,explanation,Sometimes clinical judgment requires deviation from rigid protocols in polytrauma care.,(rewritten),editorial review (3rd edition)
2026-10-04 02:08,300-review.json,trauma-0008,explanation,"%. The protective effect of seat belts is greater than the stated 20%, making option C false.",(rewritten),editorial review (3rd edition)
2026-10-04 02:08,300-review.json,trauma-0009,explanation,A GCS of 7 is not an indication for a definitive airway. A GCS of 7 indicates the need for definitive airway management.,(rewritten),editorial review (3rd edition)
2026-10-04 02:08,300-review.json,trauma-0011,stem,Which of the following are not routine adjuncts to the primary survey?,Which of the following is not a routine adjunct to the primary survey?,editorial review (3rd edition)
2026-10-04 02:08,300-review.json,trauma-0011,explanation,CT imaging is not part of the immediate primary survey.,(rewritten),editorial review (3rd edition)
2026-10-04 02:08,300-review.json,trauma-0013,explanation,These vital signs fall within the normal range for preschool children.,(rewritten),editorial review (3rd edition)
2026-10-04 02:08,300-review.json,trauma-0014,stem,Regarding to Hazards of imaging and radiation Which of the following statements are true?,"Regarding the hazards of imaging and radiation, which of the following statements are true?",editorial review (3rd edition)
2026-10-04 02:08,300-review.json,trauma-0014,explanation,LOCM have a better safety profile and radionuclide imaging assesses function; the other statements are incorrect.,(rewritten),editorial review (3rd edition)
2026-10-04 02:08,300-review.json,trauma-0015,stem,Regarding to Diagnostic imaging Which of the following statements is false?,"Regarding diagnostic imaging, which of the following statements is false?",editorial review (3rd edition)
2026-10-04 02:08,300-review.json,trauma-0016,stem,Which of the following statements are true?,"Regarding imaging modalities, which of the following statements are true?",editorial review (3rd edition)
2026-10-04 02:08,300-review.json,trauma-0016,answer,BC,BCE,editorial review (3rd edition)
2026-10-04 02:08,300-review.json,trauma-0016,explanation,"e, Radionuclide imaging allows function to be studied. CT and MRI offer superior resolution and contrast, while US has operator and penetration limitations.",(rewritten),editorial review (3rd edition)
2026-10-04 02:08,300-review.json,trauma-0017,explanation,Portable imaging increases radiation exposure and the most radiosensitive organs are not those listed in E.,(rewritten),editorial review (3rd edition)
2026-10-04 02:08,300-review.json,trauma-0018,stem,Regarding to Orthopaedic imaging Which of the following statements is false?,"Regarding orthopaedic imaging, which of the following statements is false?",editorial review (3rd edition)
2026-10-04 02:08,300-review.json,trauma-0019,stem,Regarding to Imaging in trauma Which of the following statements are false?,"Regarding imaging in trauma, which of the following statements is false?",editorial review (3rd edition)
2026-10-04 02:08,300-review.json,trauma-0020,answer,ABDE,ADE,editorial review (3rd edition)
2026-10-04 02:08,300-review.json,trauma-0020,explanation,Incisions made along Langer’s lines reduce scarring; avoiding bony prominences minimizes wound breakdown; cosmesis is important and transverse incisions reduce respiratory complications.,(rewritten),editorial review (3rd edition)
2026-10-04 02:08,300-review.json,trauma-0021,stem,About Wound closure The following statements are true except:,"Regarding wound closure, all of the following statements are true except:",editorial review (3rd edition)
2026-10-04 02:08,300-review.json,trauma-0021,explanation,Mass closure with large bites and a 50% reduction in suture strength at the knot are true; non‐absorbable sutures are avoided in biliary/urinary tracts.,(rewritten),editorial review (3rd edition)
2026-10-04 02:08,300-review.json,trauma-0022,stem,About Principles of anastomosis Which of the following statements are true?,"Regarding the principles of anastomosis, which of the following statements are true?",editorial review (3rd edition)
2026-10-04 02:08,300-review.json,trauma-0022,answer,ACD,AD,editorial review (3rd edition)
2026-10-04 02:08,300-review.json,trauma-0022,explanation,A single-layer extramucosal technique minimizes trauma; matching bowel diameters is vital for patency; polypropylene is ideal for vascular repairs.,(rewritten),editorial review (3rd edition)
2026-10-04 02:08,300-review.json,trauma-0023,stem,About Drains Which of the following statements are false?,"Regarding surgical drains, which of the following statements are false?",editorial review (3rd edition)
2026-10-04 02:08,300-review.json,trauma-0024,stem,About Principles of diathermy Which of the following statements are true?,"Regarding the principles of diathermy, which of the following statements are true?",editorial review (3rd edition)
2026-10-04 02:08,300-review.json,trauma-0024,explanation,"Monopolar and bipolar techniques are used; bipolar is preferred in pacemaker patients, monopolar has higher burn risks and capacitance coupling is a hazard.",(rewritten),editorial review (3rd edition)
2026-10-04 02:08,300-review.json,trauma-0025,chapter,trauma,metab,editorial review (3rd edition)
2026-10-04 02:08,300-review.json,trauma-0026,chapter,trauma,metab,editorial review (3rd edition)
2026-10-04 02:08,300-review.json,trauma-0027,chapter,trauma,metab,editorial review (3rd edition)
2026-10-04 02:08,300-review.json,trauma-0028,chapter,trauma,metab,editorial review (3rd edition)
2026-10-04 02:08,300-review.json,trauma-0029,chapter,trauma,metab,editorial review (3rd edition)
2026-10-04 02:08,300-review.json,trauma-0030,chapter,trauma,metab,editorial review (3rd edition)
2026-10-04 02:08,300-review.json,trauma-0031,stem,Which of the following statements about filariasis are true? ( Not related to Truma ),Which of the following statements about filariasis are true?,editorial review (3rd edition)
2026-10-04 02:08,300-review.json,trauma-0031,options,"[""It is mainly caused by the parasites Brugia malayi and Brugia timori; in 10% of cases, Wuchereria bancrofti is the cause."", ""Once inoculated by a mosquito bite, the mature worms enter the circulation to cause infection."", ""The adult worms cause lymphatic blockage leading to massive limb oedema; secondary bacterial infections may worsen lymphatic fibrosis and lead to elephantiasis."", ""Chyluria...","[""It is mainly caused by the parasites Brugia malayi and Brugia timori; in 10% of cases, Wuchereria bancrofti is the cause."", ""Infective larvae inoculated by a mosquito bite migrate to the lymphatics, where they mature into adult worms."", ""The adult worms cause lymphatic blockage leading to massive limb oedema; secondary bacterial infections may worsen lymphatic fibrosis and lead to elephantias...",editorial review (3rd edition)
2026-10-04 02:08,300-review.json,trauma-0031,explanation,Filariasis is transmitted by mosquitoes and leads to lymphatic obstruction as well as tropical pulmonary eosinophilia.,(rewritten),editorial review (3rd edition)
2026-10-04 02:08,300-review.json,trauma-0031,notes,,"Filariasis (0031, 0032) is not trauma; no infection chapter exists, so left here; editor may prefer to move both.",editorial review (3rd edition)
2026-10-04 02:08,300-review.json,trauma-0032,stem,Which of the following statements about filariasis are true? ( Not related to Truma ),Which of the following statements about filariasis are true?,editorial review (3rd edition)
2026-10-04 02:08,300-review.json,trauma-0032,explanation,Nocturnal blood smears reveal microfilariae and hydroceles are managed conventionally; advanced elephantiasis is difficult to treat surgically.,(rewritten),editorial review (3rd edition)
2026-10-04 02:08,300-review.json,trauma-0033,explanation,The presentation strongly suggests cardiac tamponade.,(rewritten),editorial review (3rd edition)
2026-10-04 02:08,300-review.json,trauma-0034,stem,Which is the most appropriate next step in management?,"A 26-year-old man with a stab wound to the left fifth intercostal space is tachycardic and hypotensive with distant heart sounds, a midline trachea and equal breath sounds. Which is the most appropriate next step in management?",editorial review (3rd edition)
2026-10-04 02:08,300-review.json,trauma-0034,explanation,Pericardiocentesis is both diagnostic and lifesaving in tamponade.,(rewritten),editorial review (3rd edition)
2026-10-04 02:08,300-review.json,trauma-0035,stem,"Assessing ventilation As well as measuring oxygen saturation, a pulse oximeter also gives useful information regarding what other factor, used in initial assessment of the traumatized patient?","As well as measuring oxygen saturation, a pulse oximeter also gives useful information regarding what other factor in the initial assessment of the traumatised patient?",editorial review (3rd edition)
2026-10-04 02:08,300-review.json,trauma-0035,explanation,Poor peripheral perfusion on oximetry reflects compromised circulation in shock.,(rewritten),editorial review (3rd edition)
2026-10-04 02:08,300-review.json,trauma-0036,stem,"Flail chest: A 42-year-old construction worker is admitted following a crush injury. The patient is in great distress and complaining of chest pain. The patient is working hard to breathe, however there is some paradoxical movement of her chest wall. Arterial blood gases show hypoxia with pO2 7.5 and pCO2 8.2. A chest radiograph shows multiple rib fractures. The life-saving intervention is","A 42-year-old construction worker is admitted following a crush injury. The patient is in great distress, complaining of chest pain and working hard to breathe, with paradoxical movement of the chest wall. Arterial blood gases show pO2 7.5 kPa and pCO2 8.2 kPa. A chest radiograph shows multiple rib fractures. The life-saving intervention is",editorial review (3rd edition)
2026-10-04 02:08,300-review.json,trauma-0036,explanation,"Intubation secures the airway in flail chest, which is crucial for effective ventilation.",(rewritten),editorial review (3rd edition)
2026-10-04 02:08,300-review.json,trauma-0038,explanation,Reinsertion of a chest drain is indicated for loculated empyema.,(rewritten),editorial review (3rd edition)
2026-10-04 02:08,300-review.json,trauma-0039,explanation,The recommended guidelines for a thoracotomy in patients with a hemothorax are greater than or equal to 1500 mL of initial drainage of blood through the thoracostomy tube after placement or greater than 200 mL/h of continuous drainage of blood for several hours after the original evacuation. The patient’s physiology and blood transfusion requirements should also factor into a decision for opera...,(rewritten),editorial review (3rd edition)
2026-10-04 02:08,300-review.json,trauma-0042,explanation,"The neck is divided into three zones for trauma evaluation: Zone I is below the cricoid cartilage, Zone II is between the cricoid and the angle of the mandible, and Zone III is above the angle of the mandible up to the skull base.",(rewritten),editorial review (3rd edition)
2026-10-04 02:08,300-review.json,trauma-0045,chapter,trauma,spleen,editorial review (3rd edition)
2026-10-04 02:08,300-review.json,trauma-0046,chapter,trauma,anus,editorial review (3rd edition)
2026-10-04 02:08,300-review.json,metab-0004,explanation,% A drop of at least 50% in intraoperative parathyroid hormone (PTH) levels is considered necessary to confirm successful removal of the hyperfunctioning parathyroid tissue.,(rewritten),editorial review (3rd edition)
2026-10-04 02:08,300-review.json,metab-0004,chapter,metab,neck,editorial review (3rd edition)
2026-10-04 02:08,300-review.json,shock-0001,stem,Suggest the best way to control her blood sugar intraoperatively,A 58-year-old woman with type 2 diabetes controlled on oral hypoglycaemic agents is to undergo a major abdominal operation. What is the best way to control her blood glucose perioperatively?,editorial review (3rd edition)
2026-10-04 02:08,300-review.json,shock-0001,options,"[""Increase the dose of her oral hypoglycemic agents"", ""Administer a continuous infusion of regular insulin"", ""Use long-acting insulin preoperatively"", ""Switch to subcutaneous insulin injections"", ""Change oral drugs to soluble insulin with KCL""]","[""Increase the dose of her oral hypoglycaemic agents"", ""Continue oral agents on the morning of surgery and check glucose after the operation"", ""Use long-acting insulin preoperatively"", ""Switch to intermittent subcutaneous sliding-scale insulin"", ""Stop oral agents and give an IV infusion of soluble insulin with glucose and potassium (KCl)""]",editorial review (3rd edition)
2026-10-04 02:08,300-review.json,shock-0001,explanation,Switch to soluble insulin with KCL is optimal intraoperatively.,(rewritten),editorial review (3rd edition)
2026-10-04 02:08,300-review.json,shock-0001,chapter,shock,metab,editorial review (3rd edition)
2026-10-04 02:08,300-review.json,shock-0002,explanation,"Shock leads to anaerobic metabolism with lactic acidosis and free radical formation, and renal ischaemia activates RAAS.",(rewritten),editorial review (3rd edition)
2026-10-04 02:08,300-review.json,shock-0003,stem,About Severity of shock Which of the following statements are false?,"Regarding the severity of shock, which of the following statements are false?",editorial review (3rd edition)
2026-10-04 02:08,300-review.json,shock-0004,stem,Regarding to Resuscitation Which of the following statements are true?,"Regarding resuscitation, which of the following statements are true?",editorial review (3rd edition)
2026-10-04 02:08,300-review.json,shock-0004,explanation,In hemorrhagic scenarios rapid control is essential and fluid challenge helps assess volume responsiveness.,(rewritten),editorial review (3rd edition)
2026-10-04 02:08,300-review.json,shock-0005,stem,About Monitoring Which of the following statements are true?,"Regarding monitoring in shock, which of the following statements are true?",editorial review (3rd edition)
2026-10-04 02:08,300-review.json,shock-0005,answer,ABCE,ABC,editorial review (3rd edition)
2026-10-04 02:08,300-review.json,shock-0005,explanation,"Dynamic CVP, CO and mixed venous O2 saturation are useful while routine PAWP is not necessary.",(rewritten),editorial review (3rd edition)
2026-10-04 02:08,300-review.json,shock-0006,stem,Regarding to Haemorrhage The following statements are true except:,"Regarding haemorrhage, all of the following statements are true except:",editorial review (3rd edition)
2026-10-04 02:08,300-review.json,shock-0007,stem,Regarding to Blood transfusion Which of the following statements are true?,"Regarding blood transfusion, which of the following statements are true?",editorial review (3rd edition)
2026-10-04 02:08,300-review.json,shock-0007,explanation,"Group O can be given to all and AB patients accept all, while FFP is stored for 2 years.",(rewritten),editorial review (3rd edition)
2026-10-04 02:08,300-review.json,shock-0008,stem,Regarding to Conscious sedation Which of the following statements are false?,"Regarding conscious sedation, which of the following statements is false?",editorial review (3rd edition)
2026-10-04 02:08,300-review.json,shock-0009,stem,"For the acid-base derangement in the patient with pelvic fracture described above, what is the most appropriate management?","A 30-year-old man with a pelvic fracture is hypotensive and tachycardic. Arterial blood gas shows pH 7.24, PaCO2 32 mmHg, HCO3− 14 mmol/L and base deficit −10. What is the most appropriate management of his acid–base derangement?",editorial review (3rd edition)
2026-10-04 02:08,300-review.json,shock-0009,options,"[""(A) administration of sodium bicarbonate to correct the base deficit"", ""(B) restoration of blood volume with aggressive IV fluid resuscitation"", ""(C) IV hydrochloric acid"", ""(D) intubation and hyperventilation"", ""(E) this patient has no acid-based abnormality""]","[""Administration of sodium bicarbonate to correct the base deficit"", ""Restoration of blood volume with aggressive IV fluid and blood resuscitation"", ""IV hydrochloric acid"", ""Intubation and hyperventilation"", ""No treatment; this patient has no acid–base abnormality""]",editorial review (3rd edition)
2026-10-04 02:08,300-review.json,shock-0009,explanation,restoration of blood volume with aggressive IV fluid resuscitation Correction of the acidosis is best achieved by restoring perfusion.,(rewritten),editorial review (3rd edition)
2026-10-04 02:08,300-review.json,shock-0010,options,"[""(A) IV furosemide"", ""(B) a bolus of IV crystalloid"", ""(C) a dopamine infusion"", ""(D) a nitroprusside infusion"", ""(E) IV digoxin administration""]","[""IV furosemide"", ""A bolus of IV crystalloid"", ""A dopamine infusion"", ""A nitroprusside infusion"", ""IV digoxin""]",editorial review (3rd edition)
2026-10-04 02:08,300-review.json,shock-0010,explanation,a bolus of IV crystalloid The low wedge pressure indicates hypovolemia requiring fluid resuscitation.,(rewritten),editorial review (3rd edition)
2026-10-04 02:08,300-review.json,shock-0011,stem,"Several hours later after fluid resuscitation, the patient’s BP is 150/85 mmHg with distended neck veins and an elevated wedge pressure. Urine output remains low. What is the next step?","A 70-year-old man is given IV fluids for hypovolaemia after AAA repair. Several hours later his BP is 150/85 mmHg with distended neck veins and an elevated pulmonary wedge pressure, and urine output remains low. What is the next step?",editorial review (3rd edition)
2026-10-04 02:08,300-review.json,shock-0011,options,"[""(A) IV furosemide"", ""(B) a bolus of IV crystalloid"", ""(C) a dopamine infusion"", ""(D) a nitroprusside infusion"", ""(E) IV digoxin administration""]","[""IV furosemide"", ""A bolus of IV crystalloid"", ""A dopamine infusion"", ""A nitroprusside infusion"", ""IV digoxin""]",editorial review (3rd edition)
2026-10-04 02:08,300-review.json,shock-0011,explanation,"a nitroprusside infusion After fluid overload, afterload reduction with nitroprusside is indicated.",(rewritten),editorial review (3rd edition)
2026-10-04 02:08,300-review.json,shock-0012,options,"[""transfusion with whole blood"", ""uterine packing"", ""intravenous pitocin"", ""uterine artery embolization"", ""intravenous administration of methylergonovine""]","[""Immediate blood transfusion (volume resuscitation)"", ""uterine packing"", ""intravenous pitocin"", ""uterine artery embolization"", ""intravenous administration of methylergonovine""]",editorial review (3rd edition)
2026-10-04 02:08,300-review.json,shock-0012,answer,D,A,editorial review (3rd edition)
2026-10-04 02:08,300-review.json,shock-0012,explanation,Uterine artery embolization is preferred in severe postpartum hemorrhage.,(rewritten),editorial review (3rd edition)
2026-10-04 02:08,300-review.json,shock-0013,stem,"Resuscitation of the injured patient : A patient is admitted following a motorcycle accident. He has fractured his left femur, tibia, fibula and pelvis. His blood pressure is 70/35 mmHg, pulse is 140 beats/min, respiratory rate is 35 breaths/min and the Glasgow Coma Scale score is 9/15. You wish to resuscitate the patient. Which one of the following procedures may be contraindicated in such a p...","A patient is admitted following a motorcycle accident. He has fractured his left femur, tibia, fibula and pelvis. His blood pressure is 70/35 mmHg, pulse 140 beats/min, respiratory rate 35 breaths/min and Glasgow Coma Scale score 9/15. You wish to resuscitate the patient. Which one of the following procedures may be contraindicated in such a patient?",editorial review (3rd edition)
2026-10-04 02:08,300-review.json,shock-0013,explanation,"Although catheterization helps guide fluid management, it is contraindicated when there is a high suspicion of urethral injury.",(rewritten),editorial review (3rd edition)
2026-10-04 02:08,300-review.json,shock-0014,stem,"Initial assessment : A patient is admitted following an assault. On assessment, he has a stab wound to his chest. Clinically, he has a massive haemothorax and his Glasgow Coma Scale score is 4/15. Without further management this patient will succumb to which cause of death first?","A patient is admitted following an assault. On assessment, he has a stab wound to his chest. Clinically, he has a massive haemothorax and his Glasgow Coma Scale score is 4/15. Without further management, this patient will succumb to which cause of death first?",editorial review (3rd edition)
2026-10-04 02:08,300-review.json,shock-0015,stem,Airway protection : Which of the following techniques does not provide a definitive airway?,Which of the following techniques does not provide a definitive airway?,editorial review (3rd edition)
2026-10-04 02:08,300-review.json,shock-0015,explanation,A laryngeal mask airway sits above the larynx and does not prevent aspiration.,(rewritten),editorial review (3rd edition)
2026-10-04 02:08,300-review.json,shock-0016,stem,"Airway adjunct selection : A patient is admitted following a road traffic accident. He has sustained significant blunt injury to his head, chest and abdomen and has a Glasgow Coma Scale score of 8/15. His saturations are poor at 89% on 15 L of oxygen via a rebreathing mask. You note bruising around both eyes and blood-stained fluid issuing from his left ear, which forms concentric circles when ...","A patient is admitted following a road traffic accident. He has sustained significant blunt injury to his head, chest and abdomen and has a Glasgow Coma Scale score of 8/15. His saturations are poor at 89% on 15 L of oxygen via a non-rebreathing mask. You note bruising around both eyes and blood-stained fluid issuing from his left ear, which forms concentric rings when dripped on a white sheet....",editorial review (3rd edition)
2026-10-04 02:08,300-review.json,shock-0016,explanation,An oropharyngeal airway is preferred especially when there is suspicion of basal skull fracture.,(rewritten),editorial review (3rd edition)
2026-10-04 02:08,300-review.json,shock-0018,stem,"Estimating blood loss : A 35-year-old butcher is admitted after stabbing himself with a knife inadvertently. His airway is patent and there are no identifiable hindrances to breathing. His pulse is 110 beats/min, BP is 130/105 mmHg, and respiratory rate is 25 breaths/min. Assuming a body mass of 70 kg, what is the best estimated volume of blood lost?","A 35-year-old butcher is admitted after inadvertently stabbing himself with a knife. His airway is patent and there is no identifiable hindrance to breathing. His pulse is 110 beats/min, BP 130/105 mmHg and respiratory rate 25 breaths/min. Assuming a body mass of 70 kg, what is the best estimate of the volume of blood lost?",editorial review (3rd edition)
2026-10-04 02:08,300-review.json,shock-0018,explanation,"For a 70 kg adult in Class II shock, the estimated blood loss is approximately 1000 mL.",(rewritten),editorial review (3rd edition)
2026-10-04 02:08,300-review.json,shock-0019,stem,Peripheral access : A patient is admitted in haemorrhagic shock following a road traffic accident. A final year medical student places an intravenous cannula; they have inserted a pink (20 G) cannula in the antecubital fossa. What rate of flow into the patient will this allow?,A patient is admitted in haemorrhagic shock following a road traffic accident. A final year medical student has inserted a pink (20 G) cannula in the antecubital fossa. What rate of flow into the patient will this allow?,editorial review (3rd edition)
2026-10-04 02:08,300-review.json,shock-0020,stem,Hypothermia A homeless man is admitted unresponsive after being found by police on a park bench. He has no external signs of injury. An oesophageal temperature probe records his core body temperature to be 34 °C. Which of the following management options is not routinely indicated in this case?,A homeless man is admitted unresponsive after being found by police on a park bench. He has no external signs of injury. An oesophageal temperature probe records his core body temperature to be 34 °C. Which of the following management options is not routinely indicated in this case?,editorial review (3rd edition)
2026-10-04 02:08,300-review.json,shock-0020,explanation,"At 34 °C, active rewarming by warmed peritoneal lavage is not routinely indicated; passive methods suffice.",(rewritten),editorial review (3rd edition)
2026-10-04 02:08,300-review.json,shock-0023,chapter,shock,gb,editorial review (3rd edition)
2026-10-04 02:08,300-review.json,shock-0024,explanation,"Among the listed options, packed RBCs provide rapid intravascular volume expansion to raise BP quickly.",(rewritten),editorial review (3rd edition)
2026-10-04 02:08,300-review.json,shock-0025,chapter,shock,adrenal,editorial review (3rd edition)
2026-10-04 02:08,300-review.json,shock-0026,explanation,"Carbon monoxide (CO) is the leading cause of toxin-related death in the United States. Tobacco smoke—particularly smoke released from the tip of the cigarette, which has 2.5 times more CO than inhaled smoke—produces a significant amount of the gas; nonsmokers working in closed quarters with smokers may have carboxyhemoglobin levels as high as 15%, easily enough to cause headache and some impair...",(rewritten),editorial review (3rd edition)
2026-10-04 02:08,300-review.json,shock-0027,explanation,"The patient in this scenario most likely has cardiogenic shock, which is circulatory pump failure leading to a substantial reduction in cardiac output and resulting tissue hypoxia in the setting of adequate intravascular volume. Acute myocardial infarction is the most common cause of cardiogenic shock. Treatment of cardiac dysfunction includes maintenance of adequate oxygenation and judicious f...",(rewritten),editorial review (3rd edition)
2026-10-04 02:08,300-review.json,shock-0029,explanation,Wound dehiscence requires prompt surgical exploration.,(rewritten),editorial review (3rd edition)
2026-10-04 02:08,300-review.json,shock-0030,stem,"By the 6th postoperative day, the patient develops spiking fever and incisional discomfort with a small amount of drainage. Appropriate evaluation and management should include which of the following?","A 65-year-old diabetic man develops spiking fever on the 6th day after laparotomy for duodenal ulcer, with incisional discomfort and a small amount of wound drainage. Appropriate evaluation and management should include which of the following?",editorial review (3rd edition)
2026-10-04 02:08,300-review.json,shock-0030,explanation,"Postoperative wound infection is managed by opening the incision, culturing, and local care.",(rewritten),editorial review (3rd edition)
2026-10-04 02:08,300-review.json,obesity-0001,stem,State the metabolic disagreement?,A 40-year-old woman with a BMI of 45 kg/m² has an HbA1c of 7% (53 mmol/mol) and a fasting blood glucose of 140 mg/dL (7.8 mmol/L). What metabolic disorder does she have?,editorial review (3rd edition)
2026-10-04 02:08,300-review.json,obesity-0001,options,"[""Hypoglycemia"", ""Hyperthyroidism"", ""Insulin resistance and impaired glucose control as evidenced by HbA1c of 7% and FBG of 140 mg/dl"", ""Metabolic alkalosis"", ""Dyslipidemia""]","[""Hypoglycemia"", ""Hyperthyroidism"", ""Insulin resistance with impaired glucose control (type 2 diabetes)"", ""Metabolic alkalosis"", ""Dyslipidemia""]",editorial review (3rd edition)
2026-10-04 02:08,300-review.json,obesity-0001,explanation,Lab values indicate insulin resistance.,(rewritten),editorial review (3rd edition)
2026-10-04 02:08,300-review.json,obesity-0002,stem,What is the surgical management to her metabolic disagreement?,A 40-year-old woman with a BMI of 45 kg/m² has type 2 diabetes (HbA1c 7%) despite lifestyle measures. What is the most appropriate surgical management of her metabolic disorder?,editorial review (3rd edition)
2026-10-04 02:08,300-review.json,obesity-0002,options,"[""Appendectomy"", ""Cholecystectomy"", ""Bariatric surgery (Sleeve gastrectomy) due to high BMI (45) contributing to insulin resistance and metabolic abnormalities"", ""Colon resection"", ""Laparoscopic fundoplication""]","[""Appendectomy"", ""Cholecystectomy"", ""Bariatric (metabolic) surgery, e.g. sleeve gastrectomy"", ""Colon resection"", ""Laparoscopic fundoplication""]",editorial review (3rd edition)
2026-10-04 02:08,300-review.json,obesity-0002,explanation,Bariatric surgery is indicated for morbid obesity and metabolic syndrome.,(rewritten),editorial review (3rd edition)
2026-10-04 02:08,300-review.json,obesity-0003,stem,Does the patient need any treatment for his blood sugar?,"A 45-year-old man with a BMI of 37 kg/m² has a fasting blood glucose of 6.5 mmol/L (117 mg/dL) and an HbA1c of 6.2% (44 mmol/mol) on two occasions, despite 6 months of diet and exercise. Does he need any treatment for his blood sugar?",editorial review (3rd edition)
2026-10-04 02:08,300-review.json,obesity-0003,explanation,Persistent mild hyperglycemia warrants initiation of metformin.,(rewritten),editorial review (3rd edition)
2026-10-04 02:08,300-review.json,obesity-0004,stem,Does the patient need any treatment for his lipid profile?,"A 45-year-old obese man has fasting triglycerides of 600 mg/dL (6.8 mmol/L), LDL cholesterol 95 mg/dL (2.5 mmol/L) and HDL 38 mg/dL, despite 3 months of diet and exercise. Does he need any treatment for his lipid profile?",editorial review (3rd edition)
2026-10-04 02:08,300-review.json,obesity-0004,explanation,Elevated triglycerides indicate the need for fibrates if lifestyle changes fail.,(rewritten),editorial review (3rd edition)
2026-10-04 02:08,300-review.json,obesity-0006,explanation,"Criteria include prolonged obesity, failure of non‐surgical management, absence of severe psychiatric/substance issues, and acceptable surgical risk.",(rewritten),editorial review (3rd edition)
2026-10-04 02:08,300-review.json,obesity-0007,explanation,"Screening involves assessing fat‐soluble vitamins, minerals, iron status, trace elements and inflammatory markers.",(rewritten),editorial review (3rd edition)
2026-10-04 02:08,300-review.json,obesity-0009,explanation,"Complications vary by procedure – internal herniation, leaks, dilatation and band slippage are recognized, while erosion is not listed here.",(rewritten),editorial review (3rd edition)
2026-10-04 02:08,300-review.json,extraemq-0001,theme,,Postoperative complications,editorial review (3rd edition)
2026-10-04 02:08,300-review.json,extraemq-0001#4,stem,A lady underwent sleeve gastrectomy 2 days earlier. She presents with tachycardia and tachypnea. Chest examination is normal. Abdominal examination shows mild epigastric tenderness but a normal-looking laparoscopic incision. Gastrografin meal shows contrast leak from the gastrojejunostomy.,A lady underwent sleeve gastrectomy 2 days earlier. She presents with tachycardia and tachypnoea. Chest examination is normal. Abdominal examination shows mild epigastric tenderness but normal-looking laparoscopic incisions. Gastrografin swallow shows contrast leaking from the staple line.,editorial review (3rd edition)
2026-10-04 02:08,300-review.json,extraemq-0003,options,"[""Anaphylactic shock  B.Autologous blood transfusion  C. Cardiogenic shock  D. Hypovolaemic shock  E. Mismatched blood transfusion  F. Neurogenic shock  G. Septic shock""]","[""Anaphylactic shock"", ""Autologous blood transfusion"", ""Cardiogenic shock"", ""Hypovolaemic shock"", ""Mismatched blood transfusion"", ""Neurogenic shock"", ""Septic shock""]",editorial review (3rd edition)
2026-10-04 02:08,300-review.json,extraemq-0003,option_letters,"[""A""]","[""A"", ""B"", ""C"", ""D"", ""E"", ""F"", ""G""]",editorial review (3rd edition)
2026-10-04 02:08,300-review.json,extraemq-0003#1,answer,,E,editorial review (3rd edition)
2026-10-04 02:08,300-review.json,extraemq-0003#3,answer,,F,editorial review (3rd edition)
2026-10-04 02:08,300-review.json,extraemq-0003#4,answer,,C,editorial review (3rd edition)
2026-10-04 02:08,300-review.json,extraemq-0003#5,answer,,D,editorial review (3rd edition)
2026-10-04 02:08,300-review.json,extraemq-0003#6,answer,,G,editorial review (3rd edition)
2026-10-04 02:08,300-review.json,extraemq-0003#7,answer,,B,editorial review (3rd edition)
2026-10-04 02:08,300-review.json,extraemq-0004#1,stem,"A 68-year-old man complains of increasing dysphagia of 3 months duration. He is unable to swallow any solids, and liquids go down with difficulty. He has lost 25 kilogrammes in weight during this period. What should be the first investigation?",A 68-year-old man complains of increasing dysphagia of 3 months' duration and has lost 25 kg in weight. Endoscopic biopsy confirms oesophageal carcinoma and CT shows no metastases. Which investigation best assesses the local (T and N) stage?,editorial review (3rd edition)
2026-10-04 02:08,300-review.json,extraemq-0006#3,stem,"A 68-year-old patient, post abdominal artery aneurysm repair,he had been suffering from significant pain postoperatively and was seen by the acute pain team about 15 minutes ag, has a blood pressure drop to 90/50 mmHg with a pulse of 60/min; he is slightly dizzy though urine output is adequate and CVP is +12.","A 68-year-old patient who had an abdominal aortic aneurysm repair was in significant pain postoperatively and was seen by the acute pain team about 15 minutes ago. His blood pressure has now dropped to 90/50 mmHg with a pulse of 60/min; he is slightly dizzy, though urine output is adequate and CVP is +12.",editorial review (3rd edition)
2026-10-04 02:08,300-review.json,extraemq-0007,options,"[""Hyperkalaemia"", ""Iron overload"", ""Transfusion-related acute lung injury"", ""Hypothermia"", ""Non-haemolytic febrile reaction"", ""Haemolytic transfusion reaction"", ""Thrombophlebitis"", ""Air embolus"", ""Delayed haemolytic transfusion reaction"", ""Hypocalcaemia"", ""Viral infection"", ""Circulatory overload"", ""Circulatory overload""]","[""Hyperkalaemia"", ""Iron overload"", ""Transfusion-related acute lung injury"", ""Hypothermia"", ""Non-haemolytic febrile reaction"", ""Haemolytic transfusion reaction"", ""Thrombophlebitis"", ""Air embolus"", ""Delayed haemolytic transfusion reaction"", ""Hypocalcaemia"", ""Viral infection"", ""Circulatory overload""]",editorial review (3rd edition)
2026-10-04 02:08,300-review.json,extraemq-0007,option_letters,"[""A"", ""B"", ""C"", ""D"", ""E"", ""F"", ""G"", ""H"", ""I"", ""J"", ""K"", ""L"", ""M""]","[""A"", ""B"", ""C"", ""D"", ""E"", ""F"", ""G"", ""H"", ""I"", ""J"", ""K"", ""L""]",editorial review (3rd edition)
2026-10-04 02:08,300-review.json,extraemq-0007#1,answer,M,L,editorial review (3rd edition)
2026-10-04 02:08,300-review.json,extraemq-0007#4,stem,"A 24-year-old patient is noted to be flushed a few minutes after starting a red cell transfusion; temperature is 37.8°C.,not respond to paracetamol.”",A 24-year-old patient is noted to be flushed a few minutes after starting a red cell transfusion; temperature is 37.8°C and observations are otherwise stable.,editorial review (3rd edition)
2026-10-04 02:08,300-review.json,extraemq-0008,options,"[""scalp haematoma"", ""concussion syndrome"", ""diffuse axonal injury"", ""basal skull fracture"", ""subarachnoid haemorrhage"", ""subdural haematoma"", ""post-concussive syndrome H cerebral contusion""]","[""Scalp haematoma"", ""Concussion syndrome"", ""Diffuse axonal injury"", ""Basal skull fracture"", ""Subarachnoid haemorrhage"", ""Subdural haematoma"", ""Post-concussive syndrome"", ""Cerebral contusion"", ""Extradural haemorrhage""]",editorial review (3rd edition)
2026-10-04 02:08,300-review.json,extraemq-0008,option_letters,"[""A"", ""B"", ""C"", ""D"", ""E"", ""F"", ""G""]","[""A"", ""B"", ""C"", ""D"", ""E"", ""F"", ""G"", ""H"", ""I""]",editorial review (3rd edition)
2026-10-04 02:08,300-review.json,extraemq-0008,items,"[{""n"": 1, ""stem"": ""A 24-year-old student is brought to A&E after being assaulted outside a club. CT reveals small areas of haemorrhage in the frontal region and his GCS drops from 14 to 12 over 24 hours."", ""answer"": """", ""explanation"": ""H. Cerebral contusion"", ""images"": []}, {""n"": 2, ""stem"": ""A 75-year-old woman, following a fall, presents with fluctuating consciousness; CT shows a hyperdense cr...","[{""n"": 1, ""stem"": ""A 24-year-old student is brought to A&E after being assaulted outside a club. CT reveals small areas of haemorrhage in the frontal region and his GCS drops from 14 to 12 over 24 hours."", ""answer"": ""H"", ""explanation"": ""Small areas of frontal haemorrhage on CT after an assault with a slowly falling GCS (oedema around the bruise) is a cerebral contusion."", ""images"": []}, {""n"": 2...",editorial review (3rd edition)
2026-10-04 02:08,300-review.json,extraemq-0009,options,"[""isolated rib fracture"", ""aortic dissection"", ""simple pneumothorax"", ""flail chest"", ""aortic dissection"", ""cardiac tamponade"", ""haemothorax"", ""diaphragmatic rupture"", ""diaphragmatic contusions J myocardial contusion""]","[""Isolated rib fracture"", ""Aortic transection"", ""Simple pneumothorax"", ""Flail chest"", ""Pulmonary contusion"", ""Cardiac tamponade"", ""Haemothorax"", ""Diaphragmatic rupture"", ""Diaphragmatic contusion"", ""Myocardial contusion"", ""Pleural effusion"", ""Tension pneumothorax""]",editorial review (3rd edition)
2026-10-04 02:08,300-review.json,extraemq-0009,option_letters,"[""A"", ""B"", ""C"", ""D"", ""E"", ""F"", ""G"", ""H"", ""I""]","[""A"", ""B"", ""C"", ""D"", ""E"", ""F"", ""G"", ""H"", ""I"", ""J"", ""K"", ""L""]",editorial review (3rd edition)
2026-10-04 02:08,300-review.json,extraemq-0009,items,"[{""n"": 1, ""stem"": ""A 45-year-old male is brought to A&E after suffering multiple stab wounds to the chest. He is in respiratory distress with poor expansion on the right side, tracheal deviation to the left and distended neck veins."", ""answer"": """", ""explanation"": ""L. Tension pneumothorax"", ""images"": []}, {""n"": 2, ""stem"": ""A 45-year-old patient involved in a road traffic accident presents with b...","[{""n"": 1, ""stem"": ""A 45-year-old male is brought to A&E after suffering multiple stab wounds to the chest. He is in respiratory distress with poor expansion on the right side, tracheal deviation to the left and distended neck veins."", ""answer"": ""L"", ""explanation"": ""Respiratory distress, poor right-sided expansion, tracheal deviation to the left and distended neck veins is a right tension pneumo...",editorial review (3rd edition)
2026-10-04 02:08,400-39-batch-surgery.json,bbreast-0046,NEW,,"A 28-year-old woman, a smoker with five children (all breast-fed), has had bloody nipple discharge from the right breast for 6 months. At times the area swells with a foul-smelling discharge; antibiotics did not help. Tests show mildly dilated multiple lactiferous ducts. What is the management?",Added from 39th batch Paper 1 (recalled exam)
2026-10-04 02:08,400-39-batch-surgery.json,bbreast-0047,NEW,,"A 28-year-old woman, a smoker with five children (all breast-fed), has had bloody nipple discharge from the right breast for 6 months. At times the area swells with a foul-smelling discharge; antibiotics did not help. Which of the following is NOT useful in investigating her condition?",Added from 39th batch Paper 1 (recalled exam)
2026-10-04 02:08,400-39-batch-surgery.json,bbreast-0048,NEW,,"A 28-year-old woman, a smoker with five children (all breast-fed), has had bloody nipple discharge from the right breast for 6 months. At times the area swells with a foul-smelling discharge; antibiotics did not help. What is the diagnosis?",Added from 39th batch Paper 1 (recalled exam)
2026-10-04 02:08,400-39-batch-surgery.json,bca-0061,NEW,,"A 55-year-old woman has a 3-month painless lump in the upper outer quadrant of the left breast and nipple retraction for 2 weeks. Core biopsy of a palpable axillary node shows invasive carcinoma, hormone-receptor negative; PET shows no metastasis. What is the best next step in management?",Added from 39th batch Paper 1 (recalled exam)
2026-10-04 02:08,400-39-batch-surgery.json,bca-0062,NEW,,8 months after her surgery she has difficulty raising her arm and her medial scapula is prominent. What is the cause?,Added from 39th batch Paper 1 (recalled exam)
2026-10-04 02:08,400-39-batch-surgery.json,intest-0237,NEW,,An elderly man with previous bloody stools and lower abdominal pain has a sudden attack of left iliac fossa pain with fever. Ultrasound shows thickening of the sigmoid colon. What is the most likely diagnosis?,Added from 39th batch Paper 1 (recalled exam)
2026-10-04 02:08,400-39-batch-surgery.json,intest-0238,NEW,,An elderly man with previous bloody stools and lower abdominal pain has a sudden attack of left iliac fossa pain with fever. Ultrasound shows thickening of the sigmoid colon. What is the best investigation now?,Added from 39th batch Paper 1 (recalled exam)
2026-10-04 02:08,400-39-batch-surgery.json,intest-0239,NEW,,An elderly man with previous bloody stools and lower abdominal pain has a sudden attack of left iliac fossa pain with fever. Ultrasound shows thickening of the sigmoid colon. What is the treatment?,Added from 39th batch Paper 1 (recalled exam)
2026-10-04 02:08,400-39-batch-surgery.json,gitemq-0099,NEW,,Treatment of perianal disorders,Added from 39th batch Paper 2 (recalled exam)
2026-10-04 02:08,400-39-batch-surgery.json,gitemq-0100,NEW,,Upper gastrointestinal bleeding,Added from 39th batch End-induction Block A (recalled exam)
2026-10-04 02:08,400-39-batch-surgery.json,intest-0240,NEW,,"An elderly woman in a care home who takes antipsychotics and has chronic constipation presents with a distended, painless, non-tender abdomen. X-ray shows a hugely dilated sigmoid loop reaching the upper abdomen. What is the diagnosis?",Added from 39th batch Block 2 (recalled exam)
2026-10-04 02:08,400-39-batch-surgery.json,intest-0241,NEW,,"An elderly woman in a care home who takes antipsychotics and has chronic constipation presents with a distended, painless, non-tender abdomen. X-ray shows a hugely dilated sigmoid loop reaching the upper abdomen. Which procedure is both diagnostic and therapeutic?",Added from 39th batch Block 2 (recalled exam)
2026-10-04 02:08,400-39-batch-surgery.json,intest-0242,NEW,,"An elderly woman in a care home who takes antipsychotics and has chronic constipation presents with a distended, painless, non-tender abdomen. X-ray shows a hugely dilated sigmoid loop reaching the upper abdomen. At surgery the descending and sigmoid colon are resected. Which artery is ligated?",Added from 39th batch Block 2 (recalled exam)
2026-10-04 02:08,400-39-batch-surgery.json,anus-0042,NEW,,"A 21-year-old man has incapacitating perianal pain for 3 days despite local ointment. There is a tender, fluctuant right perianal swelling with overlying erythema. What is the most likely diagnosis?",Added from 39th batch End-induction Block A (recalled exam)
2026-10-04 02:08,400-39-batch-surgery.json,anus-0043,NEW,,"A 21-year-old man has incapacitating perianal pain for 3 days despite local ointment. There is a tender, fluctuant right perianal swelling with overlying erythema. What is the best treatment now?",Added from 39th batch End-induction Block A (recalled exam)
2026-10-04 02:08,400-39-batch-surgery.json,oeso-0032,NEW,,A 55-year-old man has had intermittent dysphagia for solids and liquids with central chest pain for 4 months. ECG and troponin are normal; sublingual nitrates relieve the pain. What is the diagnosis?,Added from 39th batch Block 3 (recalled exam)
2026-10-04 02:08,400-39-batch-surgery.json,oeso-0033,NEW,,A 55-year-old man has had intermittent dysphagia for solids and liquids with central chest pain for 4 months. ECG and troponin are normal; sublingual nitrates relieve the pain. Which investigation confirms the diagnosis?,Added from 39th batch Block 3 (recalled exam)
2026-10-04 02:08,400-39-batch-surgery.json,oeso-0034,NEW,,A 55-year-old man has had intermittent dysphagia for solids and liquids with central chest pain for 4 months. ECG and troponin are normal; sublingual nitrates relieve the pain. What is the best management now?,Added from 39th batch Block 3 (recalled exam)
2026-10-04 02:08,400-39-batch-surgery.json,paedemq-0008,NEW,,The vomiting neonate and infant,Added from 39th batch Paper 2 (recalled exam)
2026-10-04 02:08,400-39-batch-surgery.json,paed-0051,NEW,,"An 18-month-old child, born at 34 weeks, has had a groin lump for 1 week that enlarges on coughing and disappears spontaneously. What is the most likely diagnosis?",Added from 39th batch Paper 1 (recalled exam)
2026-10-04 02:08,400-39-batch-surgery.json,paed-0052,NEW,,"An 18-month-old child, born at 34 weeks, has had a groin lump for 1 week that enlarges on coughing and disappears spontaneously. What is the best investigation?",Added from 39th batch Paper 1 (recalled exam)
2026-10-04 02:08,400-39-batch-surgery.json,paed-0053,NEW,,"An 18-month-old child, born at 34 weeks, has had a groin lump for 1 week that enlarges on coughing and disappears spontaneously. What is the treatment?",Added from 39th batch Paper 1 (recalled exam)
2026-10-04 02:08,400-39-batch-surgery.json,paed-0054,NEW,,"A baby a few months old has feeding difficulty, with milk coming out of the nose during feeds, coughing and choking. There is no excessive salivation. What is the most likely diagnosis?",Added from 39th batch Paper 1 (recalled exam)
2026-10-04 02:08,400-39-batch-surgery.json,paed-0055,NEW,,"A baby a few months old has feeding difficulty, with milk coming out of the nose during feeds, coughing and choking. There is no excessive salivation. What is the optimal time of repair?",Added from 39th batch Paper 1 (recalled exam)
2026-10-04 02:08,400-39-batch-surgery.json,paed-0056,NEW,,"A baby a few months old has feeding difficulty, with milk coming out of the nose during feeds, coughing and choking. There is no excessive salivation. Which is NOT a complication of this condition?",Added from 39th batch Paper 1 (recalled exam)
2026-10-04 02:08,400-39-batch-surgery.json,paed-0057,NEW,,"An 18-hour-old girl born by spontaneous vaginal delivery has an imperforate anus with a rectovestibular fistula. She weighs 2750 g, looks healthy and has no associated defects. Initial management includes all of the following EXCEPT:",Added from 39th batch End-induction Block A (recalled exam)
2026-10-04 02:08,400-39-batch-surgery.json,paed-0058,NEW,,"An 18-hour-old girl born by spontaneous vaginal delivery has an imperforate anus with a rectovestibular fistula. She weighs 2750 g, looks healthy and has no associated defects. What is the most appropriate operation?",Added from 39th batch End-induction Block A (recalled exam)
2026-10-04 02:08,400-39-batch-surgery.json,paed-0059,NEW,,A 12-hour-old boy has an imperforate anus with an absent anal dimple and is passing meconium in his urine. What is the next step?,Added from 39th batch Block 2 (recalled exam)
2026-10-04 02:08,400-39-batch-surgery.json,paed-0060,NEW,,A 12-hour-old boy has an imperforate anus with an absent anal dimple and is passing meconium in his urine. How is the type of imperforate anus defined before definitive repair?,Added from 39th batch Block 2 (recalled exam)
2026-10-04 02:08,400-39-batch-surgery.json,paed-0061,NEW,,"A 4-month-old boy with effortless (sometimes forceful) non-bilious vomiting, fever to 39.5 °C and 4–6 green diarrhoeal stools a day. All of the following are useful EXCEPT:",Added from 39th batch Block 3 (recalled exam)
2026-10-04 02:08,400-39-batch-surgery.json,paed-0062,NEW,,"A 4-month-old boy with effortless (sometimes forceful) non-bilious vomiting, fever to 39.5 °C and 4–6 green diarrhoeal stools a day. What is the diagnosis?",Added from 39th batch Block 3 (recalled exam)
2026-10-04 02:08,400-39-batch-surgery.json,paed-0063,NEW,,"A 4-month-old boy with effortless (sometimes forceful) non-bilious vomiting, fever to 39.5 °C and 4–6 green diarrhoeal stools a day. What is the management?",Added from 39th batch Block 3 (recalled exam)
2026-10-04 02:08,400-39-batch-surgery.json,gb-0071,NEW,,"A man has jaundice, weight loss and a cholestatic pattern (raised ALP and GGT). Ultrasound shows dilated intrahepatic ducts, a collapsed gallbladder and a normal pancreas. What is the most likely diagnosis?",Added from 39th batch Paper 1 (recalled exam)
2026-10-04 02:08,400-39-batch-surgery.json,gb-0072,NEW,,"A man has jaundice, weight loss and a cholestatic pattern (raised ALP and GGT). Ultrasound shows dilated intrahepatic ducts, a collapsed gallbladder and a normal pancreas. Which tumour marker is associated?",Added from 39th batch Paper 1 (recalled exam)
2026-10-04 02:08,400-39-batch-surgery.json,gb-0073,NEW,,"A man has jaundice, weight loss and a cholestatic pattern (raised ALP and GGT). Ultrasound shows dilated intrahepatic ducts, a collapsed gallbladder and a normal pancreas. What causes the itching?",Added from 39th batch Paper 1 (recalled exam)
2026-10-04 02:08,400-39-batch-surgery.json,gb-0074,NEW,,"A man has jaundice, weight loss and a cholestatic pattern (raised ALP and GGT). Ultrasound shows dilated intrahepatic ducts, a collapsed gallbladder and a normal pancreas. What is the best non-invasive investigation for diagnosis?",Added from 39th batch Paper 1 (recalled exam)
2026-10-04 02:08,400-39-batch-surgery.json,gb-0075,NEW,,"A man has jaundice, weight loss and a cholestatic pattern (raised ALP and GGT). Ultrasound shows dilated intrahepatic ducts, a collapsed gallbladder and a normal pancreas. The patient remains jaundiced after two ERCP attempts. What is the next step?",Added from 39th batch Paper 1 (recalled exam)
2026-10-04 02:08,400-39-batch-surgery.json,liver-0043,NEW,,"A man has fever, malaise and tender hepatomegaly after diarrhoea following travel to Nasiriyah. Ultrasound shows a 7-cm cystic liver lesion; blood cultures are negative. What is the most likely organism?",Added from 39th batch Paper 1 (recalled exam)
2026-10-04 02:08,400-39-batch-surgery.json,liver-0044,NEW,,"A man has fever, malaise and tender hepatomegaly after diarrhoea following travel to Nasiriyah. Ultrasound shows a 7-cm cystic liver lesion; blood cultures are negative. How did the organism reach the liver?",Added from 39th batch Paper 1 (recalled exam)
2026-10-04 02:08,400-39-batch-surgery.json,liver-0045,NEW,,"A man has fever, malaise and tender hepatomegaly after diarrhoea following travel to Nasiriyah. Ultrasound shows a 7-cm cystic liver lesion; blood cultures are negative. He receives a second-generation cephalosporin and metronidazole, and the cyst is aspirated. What does the aspirate show?",Added from 39th batch Paper 1 (recalled exam)
2026-10-04 02:08,400-39-batch-surgery.json,liver-0046,NEW,,"A man has fever, malaise and tender hepatomegaly after diarrhoea following travel to Nasiriyah. Ultrasound shows a 7-cm cystic liver lesion; blood cultures are negative. Which additional treatment is essential?",Added from 39th batch Paper 1 (recalled exam)
2026-10-04 02:08,400-39-batch-surgery.json,abdemq-0013,NEW,,Pancreatic disorders,Added from 39th batch Paper 2 (recalled exam)
2026-10-04 02:08,400-39-batch-surgery.json,adrenal-0009,NEW,,"A young woman has recurrent palpitations, headache and sweating. Her BP is 185 mmHg systolic despite a calcium channel blocker, an ACE inhibitor and a diuretic. What is the most likely diagnosis?",Added from 39th batch Paper 1 (recalled exam)
2026-10-04 02:08,400-39-batch-surgery.json,adrenal-0010,NEW,,"A young woman has recurrent palpitations, headache and sweating. Her BP is 185 mmHg systolic despite a calcium channel blocker, an ACE inhibitor and a diuretic. Which test confirms the diagnosis?",Added from 39th batch Paper 1 (recalled exam)
2026-10-04 02:08,400-39-batch-surgery.json,adrenal-0011,NEW,,"A young woman has recurrent palpitations, headache and sweating. Her BP is 185 mmHg systolic despite a calcium channel blocker, an ACE inhibitor and a diuretic. Which drug should NOT be used (first) in this condition?",Added from 39th batch Paper 1 (recalled exam)
2026-10-04 02:08,400-39-batch-surgery.json,abdemq-0014,NEW,,Surgical imaging,Added from 39th batch Paper 2 (recalled exam)
2026-10-04 02:08,400-39-batch-surgery.json,abdemq-0015,NEW,,Causes of jaundice,Added from 39th batch End-induction Block A (recalled exam)
2026-10-04 02:08,400-39-batch-surgery.json,abdemq-0016,NEW,,Adrenal disorders,Added from 39th batch Block 2 (recalled exam)
2026-10-04 02:08,400-39-batch-surgery.json,abdemq-0017,NEW,,Obstructive jaundice,Added from 39th batch Block 2 (recalled exam)
2026-10-04 02:08,400-39-batch-surgery.json,abdemq-0018,NEW,,Liver and biliary disease,Added from 39th batch Block 3 (recalled exam)
2026-10-04 02:08,400-39-batch-surgery.json,gb-0076,NEW,,"A 39-year-old woman with asymptomatic gallstones for 4 years has severe upper abdominal pain for 24 hours with nausea and vomiting, still painful despite NSAIDs and opiates. LFTs are normal. All of the following are expected EXCEPT:",Added from 39th batch End-induction Block A (recalled exam)
2026-10-04 02:08,400-39-batch-surgery.json,gb-0077,NEW,,"A 39-year-old woman with asymptomatic gallstones for 4 years has severe upper abdominal pain for 24 hours with nausea and vomiting, still painful despite NSAIDs and opiates. LFTs are normal. What is the best treatment option now?",Added from 39th batch End-induction Block A (recalled exam)
2026-10-04 02:08,400-39-batch-surgery.json,gb-0078,NEW,,"A 39-year-old woman with asymptomatic gallstones for 4 years has severe upper abdominal pain for 24 hours with nausea and vomiting, still painful despite NSAIDs and opiates. LFTs are normal. Five days after a difficult operation the drain shows 800 mL/day of bile-stained fluid. Which is NOT a likely cause?",Added from 39th batch End-induction Block A (recalled exam)
2026-10-04 02:08,400-39-batch-surgery.json,gb-0079,NEW,,"A 39-year-old woman with asymptomatic gallstones for 4 years has severe upper abdominal pain for 24 hours with nausea and vomiting, still painful despite NSAIDs and opiates. LFTs are normal. What is the best treatment now?",Added from 39th batch End-induction Block A (recalled exam)
2026-10-04 02:08,400-39-batch-surgery.json,acute-0063,NEW,,"A young woman has right iliac fossa pain, low-grade fever, anorexia and dysuria, and is diagnosed with appendicitis. Which test is 100% reliable for diagnosing appendicitis?",Added from 39th batch Block 2 (recalled exam)
2026-10-04 02:08,400-39-batch-surgery.json,acute-0064,NEW,,"A young woman has right iliac fossa pain, low-grade fever, anorexia and dysuria, and is diagnosed with appendicitis. Given the presentation, where is the appendix?",Added from 39th batch Block 2 (recalled exam)
2026-10-04 02:08,400-39-batch-surgery.json,acute-0065,NEW,,"A young woman has right iliac fossa pain, low-grade fever, anorexia and dysuria, and is diagnosed with appendicitis. Which investigation will you request?",Added from 39th batch Block 2 (recalled exam)
2026-10-04 02:08,400-39-batch-surgery.json,acute-0066,NEW,,Which two Alvarado (MANTRELS) criteria each score 2 points?,Added from 39th batch Block 2 (recalled exam)
2026-10-04 02:08,400-39-batch-surgery.json,acute-0067,NEW,,Which is NOT an advantage of laparoscopic over open appendicectomy?,Added from 39th batch Block 2 (recalled exam)
2026-10-04 02:08,400-39-batch-surgery.json,gb-0080,NEW,,Which clinical triad defines ascending cholangitis?,Added from 39th batch Block 2 (recalled exam)
2026-10-04 02:08,400-39-batch-surgery.json,spleen-0011,NEW,,Which vaccines should be given around splenectomy?,Added from 39th batch Block 2 (recalled exam)
2026-10-04 02:08,400-39-batch-surgery.json,acute-0068,NEW,,A 71-year-old male smoker with hypertension and type 2 diabetes has felt a pulsating abdominal mass with dull pain radiating to the back for 2 months. What is the most likely diagnosis?,Added from 39th batch Paper 1 (recalled exam)
2026-10-04 02:08,400-39-batch-surgery.json,acute-0069,NEW,,A 71-year-old male smoker with hypertension and type 2 diabetes has felt a pulsating abdominal mass with dull pain radiating to the back for 2 months. What is the gold-standard diagnostic test?,Added from 39th batch Paper 1 (recalled exam)
2026-10-04 02:08,400-39-batch-surgery.json,acute-0070,NEW,,A 71-year-old male smoker with hypertension and type 2 diabetes has felt a pulsating abdominal mass with dull pain radiating to the back for 2 months. He suddenly develops pain in the right leg with an absent dorsalis pedis pulse. What is the most likely diagnosis?,Added from 39th batch Paper 1 (recalled exam)
2026-10-04 02:08,400-39-batch-surgery.json,acute-0071,NEW,,A 71-year-old male smoker with hypertension and type 2 diabetes has felt a pulsating abdominal mass with dull pain radiating to the back for 2 months. What is the first-line management of this complication?,Added from 39th batch Paper 1 (recalled exam)
2026-10-04 02:08,400-39-batch-surgery.json,congur-0032,NEW,,A mother brings her baby boy because of an abnormal downward urinary stream. The urethral opening is not in its normal position. What is the most likely diagnosis?,Added from 39th batch Paper 1 (recalled exam)
2026-10-04 02:08,400-39-batch-surgery.json,congur-0033,NEW,,A mother brings her baby boy because of an abnormal downward urinary stream. The urethral opening is not in its normal position. Which associated abnormality is most common?,Added from 39th batch Paper 1 (recalled exam)
2026-10-04 02:08,400-39-batch-surgery.json,congur-0034,NEW,,A mother brings her baby boy because of an abnormal downward urinary stream. The urethral opening is not in its normal position. What is the most common complication after surgical repair?,Added from 39th batch Paper 1 (recalled exam)
2026-10-04 02:08,400-39-batch-surgery.json,prostate-0044,NEW,,"A 61-year-old man has frequency, hesitancy and a weak stream. DRE shows a smooth, symmetrically enlarged prostate. He has also had erectile dysfunction for 6 months. What is the first-line management?",Added from 39th batch Paper 1 (recalled exam)
2026-10-04 02:08,400-39-batch-surgery.json,prostate-0045,NEW,,"Eight years later his PSA is 16 ng/mL and the prostate is nodular and irregular. He has localised adenocarcinoma, Gleason 4+4, with no metastasis. What is the best treatment?",Added from 39th batch Paper 1 (recalled exam)
2026-10-04 02:08,400-39-batch-surgery.json,uroemq-0028,NEW,,Urological operations,Added from 39th batch Paper 2 (recalled exam)
2026-10-04 02:08,400-39-batch-surgery.json,uroemq-0029,NEW,,Urinary tract infection,Added from 39th batch End-induction Block A (recalled exam)
2026-10-04 02:08,400-39-batch-surgery.json,bladder-0022,NEW,,An elderly man has haematuria; ultrasound shows a 2-cm tumour in the bladder. What is the next step?,Added from 39th batch Block 2 (recalled exam)
2026-10-04 02:08,400-39-batch-surgery.json,bladder-0023,NEW,,An elderly man has haematuria; ultrasound shows a 2-cm tumour in the bladder. What is the treatment?,Added from 39th batch Block 2 (recalled exam)
2026-10-04 02:08,400-39-batch-surgery.json,uroemerg-0039,NEW,,A 25-year-old woman had a difficult caesarean section for bleeding. Ten days later she has severe right flank pain; ultrasound shows severe hydroureteronephrosis down to the pelvis with no stones. Which test best establishes the cause of obstruction?,Added from 39th batch End-induction Block A (recalled exam)
2026-10-04 02:08,400-39-batch-surgery.json,uroemerg-0040,NEW,,A 25-year-old woman had a difficult caesarean section for bleeding. Ten days later she has severe right flank pain; ultrasound shows severe hydroureteronephrosis down to the pelvis with no stones. Ureteric ligation is suspected. All of the following are initial options EXCEPT:,Added from 39th batch End-induction Block A (recalled exam)
2026-10-04 02:08,400-39-batch-surgery.json,congur-0035,NEW,,A 4-year-old boy has left lower abdominal pain and is underweight. Ultrasound shows hydronephrosis and urinalysis shows mild painless pyuria. Which investigation confirms the diagnosis?,Added from 39th batch Block 3 (recalled exam)
2026-10-04 02:08,400-39-batch-surgery.json,congur-0036,NEW,,A 4-year-old boy has left lower abdominal pain and is underweight. Ultrasound shows hydronephrosis and urinalysis shows mild painless pyuria. Which is the best test of split renal function and drainage?,Added from 39th batch Block 3 (recalled exam)
2026-10-04 02:08,400-39-batch-surgery.json,congur-0037,NEW,,A 4-year-old boy has left lower abdominal pain and is underweight. Ultrasound shows hydronephrosis and urinalysis shows mild painless pyuria. What is the best long-term management?,Added from 39th batch Block 3 (recalled exam)
2026-10-04 02:08,400-39-batch-surgery.json,uroemerg-0041,NEW,,A 68-year-old man arrives in the emergency department with abdominal pain and a distended bladder. Which is the correct technique for male urethral catheterisation?,Added from 39th batch Block 2 (recalled exam)
2026-10-04 02:08,400-39-batch-surgery.json,uroemerg-0042,NEW,,A 68-year-old man arrives in the emergency department with abdominal pain and a distended bladder. The catheter is passed but no urine drains. What is the most appropriate next step?,Added from 39th batch Block 2 (recalled exam)
2026-10-04 02:08,400-39-batch-surgery.json,uroemerg-0043,NEW,,A patient needs a Foley catheter and develops haematuria during insertion. What is the most likely cause of the bleeding?,Added from 39th batch Block 2 (recalled exam)
2026-10-04 02:08,400-39-batch-surgery.json,uroemerg-0044,NEW,,A patient needs a Foley catheter and develops haematuria during insertion. How should it be managed?,Added from 39th batch Block 2 (recalled exam)
2026-10-04 02:08,400-39-batch-surgery.json,uroemerg-0045,NEW,,A 72-year-old man with benign prostatic hyperplasia has acute urinary retention and severe suprapubic pain; bladder scan shows 900 mL. Which is the most common complication of a long-term indwelling catheter?,Added from 39th batch Block 2 (recalled exam)
2026-10-04 02:08,400-39-batch-surgery.json,uroemerg-0046,NEW,,A 72-year-old man with benign prostatic hyperplasia has acute urinary retention and severe suprapubic pain; bladder scan shows 900 mL. Which is an absolute contraindication to urethral catheterisation?,Added from 39th batch Block 2 (recalled exam)
2026-10-04 02:08,400-39-batch-surgery.json,uroemerg-0047,NEW,,Haematuria develops after Foley catheter insertion. What are the likely causes?,Added from 39th batch Block 2 (recalled exam)
2026-10-04 02:08,400-39-batch-surgery.json,uroemerg-0048,NEW,,Haematuria develops after Foley catheter insertion. How is it managed?,Added from 39th batch Block 2 (recalled exam)
2026-10-04 02:08,400-39-batch-surgery.json,trauma-0047,NEW,,"A 75-year-old man with type 2 diabetes, hypertension and heart failure (EF 40%) was caught in a house fire when his clothes ignited. He has extensive white, leathery burns of the arms and legs with red blistered margins; pulse 110/min, BP 90/60 mmHg. What is the best initial management?",Added from 39th batch Paper 1 (recalled exam)
2026-10-04 02:08,400-39-batch-surgery.json,trauma-0048,NEW,,"A 75-year-old man with type 2 diabetes, hypertension and heart failure (EF 40%) was caught in a house fire when his clothes ignited. He has extensive white, leathery burns of the arms and legs with red blistered margins; pulse 110/min, BP 90/60 mmHg. What is the depth of these burns?",Added from 39th batch Paper 1 (recalled exam)
2026-10-04 02:08,400-39-batch-surgery.json,trauma-0049,NEW,,"A 75-year-old man with type 2 diabetes, hypertension and heart failure (EF 40%) was caught in a house fire when his clothes ignited. He has extensive white, leathery burns of the arms and legs with red blistered margins; pulse 110/min, BP 90/60 mmHg. What is the most common complication in the first 24 hours?",Added from 39th batch Paper 1 (recalled exam)
2026-10-04 02:08,400-39-batch-surgery.json,trauma-0050,NEW,,"A 75-year-old man with type 2 diabetes, hypertension and heart failure (EF 40%) was caught in a house fire when his clothes ignited. He has extensive white, leathery burns of the arms and legs with red blistered margins; pulse 110/min, BP 90/60 mmHg. Given his diabetes and heart failure, what is the key consideration in fluid resuscitation?",Added from 39th batch Paper 1 (recalled exam)
2026-10-04 02:08,400-39-batch-surgery.json,trauma-0051,NEW,,"A 45-year-old man is brought after a car crash. The right chest moves paradoxically with bruising, reduced expansion and diminished breath sounds. He is conscious but distressed; BP 95/60 mmHg, SpO2 86%. What is the most likely diagnosis?",Added from 39th batch Paper 1 (recalled exam)
2026-10-04 02:08,400-39-batch-surgery.json,trauma-0052,NEW,,"A 45-year-old man is brought after a car crash. The right chest moves paradoxically with bruising, reduced expansion and diminished breath sounds. He is conscious but distressed; BP 95/60 mmHg, SpO2 86%. Which mechanism mainly compromises his lungs?",Added from 39th batch Paper 1 (recalled exam)
2026-10-04 02:08,400-39-batch-surgery.json,trauma-0053,NEW,,"A 45-year-old man is brought after a car crash. The right chest moves paradoxically with bruising, reduced expansion and diminished breath sounds. He is conscious but distressed; BP 95/60 mmHg, SpO2 86%. Chest X-ray and CT show a massive haemothorax. What is the next immediate step?",Added from 39th batch Paper 1 (recalled exam)
2026-10-04 02:08,400-39-batch-surgery.json,trauma-0054,NEW,,"A 45-year-old man is brought after a car crash. The right chest moves paradoxically with bruising, reduced expansion and diminished breath sounds. He is conscious but distressed; BP 95/60 mmHg, SpO2 86%. He improves but remains hypoxic with paradoxical movement. What is the next definitive step?",Added from 39th batch Paper 1 (recalled exam)
2026-10-04 02:08,400-39-batch-surgery.json,trauma-0055,NEW,,An elderly patient has headache 3 weeks after a minor head injury; CT shows a crescent-shaped collection. What is the diagnosis?,Added from 39th batch Paper 2 (recalled exam)
2026-10-04 02:08,400-39-batch-surgery.json,trauma-0056,NEW,,A man cuts his forearm on glass; the wound is not deep and its edges are everted. Which closure and immediate drug are most appropriate?,Added from 39th batch Block 2 (recalled exam)
2026-10-04 02:08,400-39-batch-surgery.json,trauma-0057,NEW,,"A man cuts his forearm on glass; the wound is not deep and its edges are everted. If the wound is deep, how should it be closed?",Added from 39th batch Block 2 (recalled exam)
2026-10-04 02:08,400-39-batch-surgery.json,shock-0031,NEW,,"A 28-year-old man is brought after a road traffic accident with a deep right-thigh laceration and pulsatile bleeding. He is pale and anxious; BP 85/60 mmHg, HR 130/min. What type of bleeding is this?",Added from 39th batch Block 2 (recalled exam)
2026-10-04 02:08,400-39-batch-surgery.json,shock-0032,NEW,,"A 28-year-old man is brought after a road traffic accident with a deep right-thigh laceration and pulsatile bleeding. He is pale and anxious; BP 85/60 mmHg, HR 130/min. What is the maximum safe tourniquet time?",Added from 39th batch Block 2 (recalled exam)
2026-10-04 02:08,400-39-batch-surgery.json,metab-0005,NEW,,"A sedated, intubated patient in the ICU needs a nasogastric tube. What is the most dangerous complication of insertion?",Added from 39th batch Block 2 (recalled exam)
2026-10-04 02:08,400-39-batch-surgery.json,metab-0006,NEW,,"A sedated, intubated patient in the ICU needs a nasogastric tube. After NG insertion and feeding he becomes hypotensive and desaturates with secretions around the mouth and tube. What happened?",Added from 39th batch Block 2 (recalled exam)
2026-10-04 02:08,400-39-batch-surgery.json,metab-0007,NEW,,"A 72-year-old sedated, ventilated ICU patient needs an NG tube. What are the possible complications and how are they minimised?",Added from 39th batch Block 2 (recalled exam)
2026-10-04 02:08,400-39-batch-surgery.json,metab-0008,NEW,,"A 72-year-old sedated, ventilated ICU patient needs an NG tube. After feeding he desaturates with secretions. What happened and what is the immediate management?",Added from 39th batch Block 2 (recalled exam)
2026-10-04 02:08,400-39-batch-surgery.json,intest-0243,NEW,,"A 65-year-old man with distension, persistent vomiting and absent bowel sounds has intestinal obstruction; an NG tube is ordered for decompression. How is NG tube placement confirmed?",Added from 39th batch Block 2 (recalled exam)
2026-10-04 02:08,400-39-batch-surgery.json,intest-0244,NEW,,"A 65-year-old man with distension, persistent vomiting and absent bowel sounds has intestinal obstruction; an NG tube is ordered for decompression. Which is a contraindication to NG tube insertion?",Added from 39th batch Block 2 (recalled exam)
2026-10-04 02:08,400-39-batch-surgery.json,extraemq-0018,NEW,,Electrolyte disturbances,Added from 39th batch Paper 2 (recalled exam)
2026-10-04 02:08,400-39-batch-surgery.json,extraemq-0019,NEW,,Complications of fractures,Added from 39th batch Paper 2 (recalled exam)
2026-10-04 02:08,400-39-batch-surgery.json,extraemq-0020,NEW,,Closure of skin defects,Added from 39th batch Paper 2 (recalled exam)
2026-10-04 02:08,400-39-batch-surgery.json,extraemq-0021,NEW,,Limb ischaemia,Added from 39th batch Paper 2 (recalled exam)
2026-10-04 02:08,400-39-batch-surgery.json,extraemq-0022,NEW,,Choice of anaesthesia,Added from 39th batch Paper 2 (recalled exam)
2026-10-04 02:08,400-39-batch-surgery.json,extraemq-0023,NEW,,Postoperative and surgical nutrition,Added from 39th batch Block 3 (recalled exam)
2026-10-04 02:08,400-39-batch-surgery.json,oeso-0035,NEW,,A barium swallow is shown. What is the most likely diagnosis on this image?,Added from 39th batch Block 2 (recalled exam)
2026-10-04 02:08,400-39-batch-surgery.json,acute-0072,NEW,,An erect chest X-ray is shown. What is the most likely diagnosis on this image?,Added from 39th batch Block 2 (recalled exam)
2026-10-04 02:08,400-39-batch-surgery.json,intest-0245,NEW,,A plain abdominal X-ray of a distended elderly patient is shown. What is the most likely diagnosis on this image?,Added from 39th batch Block 2 (recalled exam)
2026-10-04 02:08,400-39-batch-surgery.json,liver-0047,NEW,,A contrast CT of the upper abdomen of a febrile patient is shown. What is the most likely diagnosis on this image?,Added from 39th batch Block 2 (recalled exam)
2026-10-04 02:08,400-39-batch-surgery.json,intest-0246,NEW,,An erect abdominal X-ray is shown. What is the most likely diagnosis on this image?,Added from 39th batch Block 2 (recalled exam)
2026-10-04 02:08,400-39-batch-surgery.json,panc-0055,NEW,,A plain abdominal X-ray is shown. What is the most likely diagnosis on this image?,Added from 39th batch Block 2 (recalled exam)
2026-10-04 02:08,400-39-batch-surgery.json,oeso-0036,NEW,,A barium swallow of a patient with progressive dysphagia and weight loss is shown. What is the most likely diagnosis on this image?,Added from 39th batch Block 2 (recalled exam)
2026-10-04 02:08,400-39-batch-surgery.json,gb-0081,NEW,,An MRCP of a jaundiced patient is shown. What is the most likely diagnosis on this image?,Added from 39th batch Block 2 (recalled exam)
2026-10-04 02:08,500-restored.json,neck-0103,NEW,,"A 22-year-old man has a 2-cm thyroid nodule. His father, now deceased, had thyroid carcinoma and an abdominal tumour. Calcitonin is raised and fine-needle aspiration shows spindle cells with amyloid stroma. Which type of thyroid carcinoma is this?",Lange Q55 restored (lost in the IDML parse)
